-- MySQL dump 10.13  Distrib 5.5.54, for debian-linux-gnu (x86_64)
--
-- Host: nflpredictor.mysql.pythonanywhere-services.com    Database: nflpredictor$predictorDB
-- ------------------------------------------------------
-- Server version	5.6.27-log

/*!40101 SET @OLD_CHARACTER_SET_CLIENT=@@CHARACTER_SET_CLIENT */;
/*!40101 SET @OLD_CHARACTER_SET_RESULTS=@@CHARACTER_SET_RESULTS */;
/*!40101 SET @OLD_COLLATION_CONNECTION=@@COLLATION_CONNECTION */;
/*!40101 SET NAMES utf8 */;
/*!40103 SET @OLD_TIME_ZONE=@@TIME_ZONE */;
/*!40103 SET TIME_ZONE='+00:00' */;
/*!40014 SET @OLD_UNIQUE_CHECKS=@@UNIQUE_CHECKS, UNIQUE_CHECKS=0 */;
/*!40014 SET @OLD_FOREIGN_KEY_CHECKS=@@FOREIGN_KEY_CHECKS, FOREIGN_KEY_CHECKS=0 */;
/*!40101 SET @OLD_SQL_MODE=@@SQL_MODE, SQL_MODE='NO_AUTO_VALUE_ON_ZERO' */;
/*!40111 SET @OLD_SQL_NOTES=@@SQL_NOTES, SQL_NOTES=0 */;

--
-- Table structure for table `accounts_user`
--

DROP TABLE IF EXISTS `accounts_user`;
/*!40101 SET @saved_cs_client     = @@character_set_client */;
/*!40101 SET character_set_client = utf8 */;
CREATE TABLE `accounts_user` (
  `user_ptr_id` int(11) NOT NULL,
  PRIMARY KEY (`user_ptr_id`),
  CONSTRAINT `accounts_user_user_ptr_id_8ec74346_fk_auth_user_id` FOREIGN KEY (`user_ptr_id`) REFERENCES `auth_user` (`id`)
) ENGINE=InnoDB DEFAULT CHARSET=utf8;
/*!40101 SET character_set_client = @saved_cs_client */;

--
-- Dumping data for table `accounts_user`
--

LOCK TABLES `accounts_user` WRITE;
/*!40000 ALTER TABLE `accounts_user` DISABLE KEYS */;
/*!40000 ALTER TABLE `accounts_user` ENABLE KEYS */;
UNLOCK TABLES;

--
-- Table structure for table `auth_group`
--

DROP TABLE IF EXISTS `auth_group`;
/*!40101 SET @saved_cs_client     = @@character_set_client */;
/*!40101 SET character_set_client = utf8 */;
CREATE TABLE `auth_group` (
  `id` int(11) NOT NULL AUTO_INCREMENT,
  `name` varchar(80) NOT NULL,
  PRIMARY KEY (`id`),
  UNIQUE KEY `name` (`name`)
) ENGINE=InnoDB DEFAULT CHARSET=utf8;
/*!40101 SET character_set_client = @saved_cs_client */;

--
-- Dumping data for table `auth_group`
--

LOCK TABLES `auth_group` WRITE;
/*!40000 ALTER TABLE `auth_group` DISABLE KEYS */;
/*!40000 ALTER TABLE `auth_group` ENABLE KEYS */;
UNLOCK TABLES;

--
-- Table structure for table `auth_group_permissions`
--

DROP TABLE IF EXISTS `auth_group_permissions`;
/*!40101 SET @saved_cs_client     = @@character_set_client */;
/*!40101 SET character_set_client = utf8 */;
CREATE TABLE `auth_group_permissions` (
  `id` int(11) NOT NULL AUTO_INCREMENT,
  `group_id` int(11) NOT NULL,
  `permission_id` int(11) NOT NULL,
  PRIMARY KEY (`id`),
  UNIQUE KEY `auth_group_permissions_group_id_permission_id_0cd325b0_uniq` (`group_id`,`permission_id`),
  KEY `auth_group_permissio_permission_id_84c5c92e_fk_auth_perm` (`permission_id`),
  CONSTRAINT `auth_group_permissio_permission_id_84c5c92e_fk_auth_perm` FOREIGN KEY (`permission_id`) REFERENCES `auth_permission` (`id`),
  CONSTRAINT `auth_group_permissions_group_id_b120cbf9_fk_auth_group_id` FOREIGN KEY (`group_id`) REFERENCES `auth_group` (`id`)
) ENGINE=InnoDB DEFAULT CHARSET=utf8;
/*!40101 SET character_set_client = @saved_cs_client */;

--
-- Dumping data for table `auth_group_permissions`
--

LOCK TABLES `auth_group_permissions` WRITE;
/*!40000 ALTER TABLE `auth_group_permissions` DISABLE KEYS */;
/*!40000 ALTER TABLE `auth_group_permissions` ENABLE KEYS */;
UNLOCK TABLES;

--
-- Table structure for table `auth_permission`
--

DROP TABLE IF EXISTS `auth_permission`;
/*!40101 SET @saved_cs_client     = @@character_set_client */;
/*!40101 SET character_set_client = utf8 */;
CREATE TABLE `auth_permission` (
  `id` int(11) NOT NULL AUTO_INCREMENT,
  `name` varchar(255) NOT NULL,
  `content_type_id` int(11) NOT NULL,
  `codename` varchar(100) NOT NULL,
  PRIMARY KEY (`id`),
  UNIQUE KEY `auth_permission_content_type_id_codename_01ab375a_uniq` (`content_type_id`,`codename`),
  CONSTRAINT `auth_permission_content_type_id_2f476e4b_fk_django_co` FOREIGN KEY (`content_type_id`) REFERENCES `django_content_type` (`id`)
) ENGINE=InnoDB AUTO_INCREMENT=154 DEFAULT CHARSET=utf8;
/*!40101 SET character_set_client = @saved_cs_client */;

--
-- Dumping data for table `auth_permission`
--

LOCK TABLES `auth_permission` WRITE;
/*!40000 ALTER TABLE `auth_permission` DISABLE KEYS */;
INSERT INTO `auth_permission` VALUES (103,'Can add log entry',35,'add_logentry'),(104,'Can change log entry',35,'change_logentry'),(105,'Can delete log entry',35,'delete_logentry'),(106,'Can add permission',36,'add_permission'),(107,'Can change permission',36,'change_permission'),(108,'Can delete permission',36,'delete_permission'),(109,'Can add group',37,'add_group'),(110,'Can change group',37,'change_group'),(111,'Can delete group',37,'delete_group'),(112,'Can add user',38,'add_user'),(113,'Can change user',38,'change_user'),(114,'Can delete user',38,'delete_user'),(115,'Can add content type',39,'add_contenttype'),(116,'Can change content type',39,'change_contenttype'),(117,'Can delete content type',39,'delete_contenttype'),(118,'Can add session',40,'add_session'),(119,'Can change session',40,'change_session'),(120,'Can delete session',40,'delete_session'),(121,'Can add user',41,'add_user'),(122,'Can change user',41,'change_user'),(123,'Can delete user',41,'delete_user'),(124,'Can add team',42,'add_team'),(125,'Can change team',42,'change_team'),(126,'Can delete team',42,'delete_team'),(127,'Can add fixture',43,'add_fixture'),(128,'Can change fixture',43,'change_fixture'),(129,'Can delete fixture',43,'delete_fixture'),(130,'Can add pick',44,'add_pick'),(131,'Can change pick',44,'change_pick'),(132,'Can delete pick',44,'delete_pick'),(133,'Can add user total result',45,'add_usertotalresult'),(134,'Can change user total result',45,'change_usertotalresult'),(135,'Can delete user total result',45,'delete_usertotalresult'),(136,'Can add user week result',46,'add_userweekresult'),(137,'Can change user week result',46,'change_userweekresult'),(138,'Can delete user week result',46,'delete_userweekresult'),(139,'Can add crontab',47,'add_crontabschedule'),(140,'Can change crontab',47,'change_crontabschedule'),(141,'Can delete crontab',47,'delete_crontabschedule'),(142,'Can add interval',48,'add_intervalschedule'),(143,'Can change interval',48,'change_intervalschedule'),(144,'Can delete interval',48,'delete_intervalschedule'),(145,'Can add periodic task',49,'add_periodictask'),(146,'Can change periodic task',49,'change_periodictask'),(147,'Can delete periodic task',49,'delete_periodictask'),(148,'Can add periodic tasks',50,'add_periodictasks'),(149,'Can change periodic tasks',50,'change_periodictasks'),(150,'Can delete periodic tasks',50,'delete_periodictasks'),(151,'Can add playoff pick',51,'add_playoffpick'),(152,'Can change playoff pick',51,'change_playoffpick'),(153,'Can delete playoff pick',51,'delete_playoffpick');
/*!40000 ALTER TABLE `auth_permission` ENABLE KEYS */;
UNLOCK TABLES;

--
-- Table structure for table `auth_user`
--

DROP TABLE IF EXISTS `auth_user`;
/*!40101 SET @saved_cs_client     = @@character_set_client */;
/*!40101 SET character_set_client = utf8 */;
CREATE TABLE `auth_user` (
  `id` int(11) NOT NULL AUTO_INCREMENT,
  `password` varchar(128) NOT NULL,
  `last_login` datetime(6) DEFAULT NULL,
  `is_superuser` tinyint(1) NOT NULL,
  `username` varchar(150) NOT NULL,
  `first_name` varchar(30) NOT NULL,
  `last_name` varchar(30) NOT NULL,
  `email` varchar(254) NOT NULL,
  `is_staff` tinyint(1) NOT NULL,
  `is_active` tinyint(1) NOT NULL,
  `date_joined` datetime(6) NOT NULL,
  PRIMARY KEY (`id`),
  UNIQUE KEY `username` (`username`)
) ENGINE=InnoDB AUTO_INCREMENT=15 DEFAULT CHARSET=utf8;
/*!40101 SET character_set_client = @saved_cs_client */;

--
-- Dumping data for table `auth_user`
--

LOCK TABLES `auth_user` WRITE;
/*!40000 ALTER TABLE `auth_user` DISABLE KEYS */;
INSERT INTO `auth_user` VALUES (11,'argon2$argon2i$v=19$m=512,t=2,p=2$SGFoR1Jqa0NMSklv$K8APMol1UDnzaIP5NjLUcA','2017-10-21 15:27:15.729399',1,'conorspicer','','','',1,1,'2017-07-02 12:16:16.859000'),(12,'argon2$argon2i$v=19$m=512,t=2,p=2$TWdybll6SFU0b1A1$Dn6AK29e6HouUigXmiizWw','2017-10-16 14:37:23.405594',0,'torinmehmet','','','',0,1,'2017-07-02 12:17:11.888000'),(13,'argon2$argon2i$v=19$m=512,t=2,p=2$QnNQaTM1UUtYcGtm$FpSWkVuaicbwnPEZpapTKQ','2017-10-15 14:37:45.183000',0,'magnusmartinsen','','','',0,1,'2017-07-02 12:31:39.087000'),(14,'argon2$argon2i$v=19$m=512,t=2,p=2$SkRsd2E4Mzl3Rkd0$PxrSkWG+mpRl20y+Jd461A','2017-10-22 18:25:46.534909',0,'lewismead','','','',0,1,'2017-07-02 12:31:49.003000');
/*!40000 ALTER TABLE `auth_user` ENABLE KEYS */;
UNLOCK TABLES;

--
-- Table structure for table `auth_user_groups`
--

DROP TABLE IF EXISTS `auth_user_groups`;
/*!40101 SET @saved_cs_client     = @@character_set_client */;
/*!40101 SET character_set_client = utf8 */;
CREATE TABLE `auth_user_groups` (
  `id` int(11) NOT NULL AUTO_INCREMENT,
  `user_id` int(11) NOT NULL,
  `group_id` int(11) NOT NULL,
  PRIMARY KEY (`id`),
  UNIQUE KEY `auth_user_groups_user_id_group_id_94350c0c_uniq` (`user_id`,`group_id`),
  KEY `auth_user_groups_group_id_97559544_fk_auth_group_id` (`group_id`),
  CONSTRAINT `auth_user_groups_group_id_97559544_fk_auth_group_id` FOREIGN KEY (`group_id`) REFERENCES `auth_group` (`id`),
  CONSTRAINT `auth_user_groups_user_id_6a12ed8b_fk_auth_user_id` FOREIGN KEY (`user_id`) REFERENCES `auth_user` (`id`)
) ENGINE=InnoDB DEFAULT CHARSET=utf8;
/*!40101 SET character_set_client = @saved_cs_client */;

--
-- Dumping data for table `auth_user_groups`
--

LOCK TABLES `auth_user_groups` WRITE;
/*!40000 ALTER TABLE `auth_user_groups` DISABLE KEYS */;
/*!40000 ALTER TABLE `auth_user_groups` ENABLE KEYS */;
UNLOCK TABLES;

--
-- Table structure for table `auth_user_user_permissions`
--

DROP TABLE IF EXISTS `auth_user_user_permissions`;
/*!40101 SET @saved_cs_client     = @@character_set_client */;
/*!40101 SET character_set_client = utf8 */;
CREATE TABLE `auth_user_user_permissions` (
  `id` int(11) NOT NULL AUTO_INCREMENT,
  `user_id` int(11) NOT NULL,
  `permission_id` int(11) NOT NULL,
  PRIMARY KEY (`id`),
  UNIQUE KEY `auth_user_user_permissions_user_id_permission_id_14a6b632_uniq` (`user_id`,`permission_id`),
  KEY `auth_user_user_permi_permission_id_1fbb5f2c_fk_auth_perm` (`permission_id`),
  CONSTRAINT `auth_user_user_permi_permission_id_1fbb5f2c_fk_auth_perm` FOREIGN KEY (`permission_id`) REFERENCES `auth_permission` (`id`),
  CONSTRAINT `auth_user_user_permissions_user_id_a95ead1b_fk_auth_user_id` FOREIGN KEY (`user_id`) REFERENCES `auth_user` (`id`)
) ENGINE=InnoDB DEFAULT CHARSET=utf8;
/*!40101 SET character_set_client = @saved_cs_client */;

--
-- Dumping data for table `auth_user_user_permissions`
--

LOCK TABLES `auth_user_user_permissions` WRITE;
/*!40000 ALTER TABLE `auth_user_user_permissions` DISABLE KEYS */;
/*!40000 ALTER TABLE `auth_user_user_permissions` ENABLE KEYS */;
UNLOCK TABLES;

--
-- Table structure for table `django_admin_log`
--

DROP TABLE IF EXISTS `django_admin_log`;
/*!40101 SET @saved_cs_client     = @@character_set_client */;
/*!40101 SET character_set_client = utf8 */;
CREATE TABLE `django_admin_log` (
  `id` int(11) NOT NULL AUTO_INCREMENT,
  `action_time` datetime(6) NOT NULL,
  `object_id` longtext,
  `object_repr` varchar(200) NOT NULL,
  `action_flag` smallint(5) unsigned NOT NULL,
  `change_message` longtext NOT NULL,
  `content_type_id` int(11) DEFAULT NULL,
  `user_id` int(11) NOT NULL,
  PRIMARY KEY (`id`),
  KEY `django_admin_log_content_type_id_c4bce8eb_fk_django_co` (`content_type_id`),
  KEY `django_admin_log_user_id_c564eba6_fk_auth_user_id` (`user_id`),
  CONSTRAINT `django_admin_log_content_type_id_c4bce8eb_fk_django_co` FOREIGN KEY (`content_type_id`) REFERENCES `django_content_type` (`id`),
  CONSTRAINT `django_admin_log_user_id_c564eba6_fk_auth_user_id` FOREIGN KEY (`user_id`) REFERENCES `auth_user` (`id`)
) ENGINE=InnoDB AUTO_INCREMENT=2709 DEFAULT CHARSET=utf8;
/*!40101 SET character_set_client = @saved_cs_client */;

--
-- Dumping data for table `django_admin_log`
--

LOCK TABLES `django_admin_log` WRITE;
/*!40000 ALTER TABLE `django_admin_log` DISABLE KEYS */;
INSERT INTO `django_admin_log` VALUES (1907,'2017-07-02 12:17:11.894000','12','torinmehmet',1,'[{\"added\": {}}]',38,11),(1908,'2017-07-02 12:24:47.933000','29','56929',3,'',43,11),(1909,'2017-07-02 12:24:47.944000','28','56928',3,'',43,11),(1910,'2017-07-02 12:24:47.949000','27','56927',3,'',43,11),(1911,'2017-07-02 12:24:47.954000','26','56926',3,'',43,11),(1912,'2017-07-02 12:24:47.964000','25','56925',3,'',43,11),(1913,'2017-07-02 12:24:47.975000','24','56924',3,'',43,11),(1914,'2017-07-02 12:24:47.981000','23','56923',3,'',43,11),(1915,'2017-07-02 12:24:47.991000','22','56922',3,'',43,11),(1916,'2017-07-02 12:24:47.997000','21','56921',3,'',43,11),(1917,'2017-07-02 12:24:48.005000','20','56920',3,'',43,11),(1918,'2017-07-02 12:24:48.010000','19','56919',3,'',43,11),(1919,'2017-07-02 12:24:48.014000','18','56918',3,'',43,11),(1920,'2017-07-02 12:24:48.019000','17','56917',3,'',43,11),(1921,'2017-07-02 12:24:48.024000','16','56916',3,'',43,11),(1922,'2017-07-02 12:24:48.032000','15','56915',3,'',43,11),(1923,'2017-07-02 12:24:48.036000','14','56914',3,'',43,11),(1924,'2017-07-02 12:24:48.041000','13','56913',3,'',43,11),(1925,'2017-07-02 12:24:48.048000','12','56912',3,'',43,11),(1926,'2017-07-02 12:24:48.055000','11','56911',3,'',43,11),(1927,'2017-07-02 12:24:48.064000','10','56910',3,'',43,11),(1928,'2017-07-02 12:24:48.070000','9','56909',3,'',43,11),(1929,'2017-07-02 12:24:48.075000','8','56908',3,'',43,11),(1930,'2017-07-02 12:24:48.079000','7','56907',3,'',43,11),(1931,'2017-07-02 12:24:48.084000','6','56906',3,'',43,11),(1932,'2017-07-02 12:24:48.088000','5','56905',3,'',43,11),(1933,'2017-07-02 12:24:48.097000','4','56904',3,'',43,11),(1934,'2017-07-02 12:24:48.101000','3','56903',3,'',43,11),(1935,'2017-07-02 12:24:48.107000','2','56902',3,'',43,11),(1936,'2017-07-02 12:24:48.112000','1','56901',3,'',43,11),(1937,'2017-07-02 12:31:39.130000','13','magnusmartinsen',1,'[{\"added\": {}}]',38,11),(1938,'2017-07-02 12:31:49.008000','14','lewismead',1,'[{\"added\": {}}]',38,11),(1939,'2017-07-02 13:33:12.357000','285','Week 17  -  Seahawks  @  49ers',2,'[{\"changed\": {\"fields\": [\"away_score\", \"home_score\"]}}]',43,11),(1940,'2017-07-02 13:33:19.216000','284','Week 17  -  Chiefs  @  Chargers',2,'[{\"changed\": {\"fields\": [\"away_score\", \"home_score\"]}}]',43,11),(1941,'2017-07-02 13:33:25.724000','283','Week 17  -  Cardinals  @  Rams',2,'[{\"changed\": {\"fields\": [\"away_score\", \"home_score\"]}}]',43,11),(1942,'2017-07-03 10:14:09.381000','68','Redskins',2,'[{\"changed\": {\"fields\": [\"team_logo\"]}}]',42,11),(1943,'2017-07-03 10:14:20.635000','67','Titans',2,'[{\"changed\": {\"fields\": [\"team_logo\"]}}]',42,11),(1944,'2017-07-03 10:15:18.177000','66','Buccaneers',2,'[{\"changed\": {\"fields\": [\"team_logo\"]}}]',42,11),(1945,'2017-07-03 10:18:04.446000','65','49ers',2,'[{\"changed\": {\"fields\": [\"team_logo\"]}}]',42,11),(1946,'2017-07-03 10:18:22.959000','64','Seahawks',2,'[{\"changed\": {\"fields\": [\"team_logo\"]}}]',42,11),(1947,'2017-07-03 10:18:42.561000','63','Chargers',2,'[{\"changed\": {\"fields\": [\"team_logo\"]}}]',42,11),(1948,'2017-07-03 10:18:52.539000','62','Steelers',2,'[{\"changed\": {\"fields\": [\"team_logo\"]}}]',42,11),(1949,'2017-07-03 10:19:06.405000','61','Eagles',2,'[{\"changed\": {\"fields\": [\"team_logo\"]}}]',42,11),(1950,'2017-07-03 10:19:17.322000','60','Raiders',2,'[{\"changed\": {\"fields\": [\"team_logo\"]}}]',42,11),(1951,'2017-07-03 10:19:25.549000','59','Jets',2,'[{\"changed\": {\"fields\": [\"team_logo\"]}}]',42,11),(1952,'2017-07-03 10:19:34.444000','58','Giants',2,'[{\"changed\": {\"fields\": [\"team_logo\"]}}]',42,11),(1953,'2017-07-03 10:19:50.770000','57','Saints',2,'[{\"changed\": {\"fields\": [\"team_logo\"]}}]',42,11),(1954,'2017-07-03 10:19:55.761000','56','Patriots',2,'[]',42,11),(1955,'2017-07-03 10:20:11.833000','56','Patriots',2,'[{\"changed\": {\"fields\": [\"team_logo\"]}}]',42,11),(1956,'2017-07-03 10:20:28.035000','55','Vikings',2,'[{\"changed\": {\"fields\": [\"team_logo\"]}}]',42,11),(1957,'2017-07-03 10:23:24.722000','57','Saints',2,'[{\"changed\": {\"fields\": [\"team_logo\"]}}]',42,11),(1958,'2017-07-03 10:23:34.807000','57','Saints',2,'[{\"changed\": {\"fields\": [\"team_logo\"]}}]',42,11),(1959,'2017-07-03 10:24:23.855000','68','Redskins',2,'[{\"changed\": {\"fields\": [\"team_logo\"]}}]',42,11),(1960,'2017-07-03 10:24:44.766000','68','Redskins',2,'[{\"changed\": {\"fields\": [\"team_logo\"]}}]',42,11),(1961,'2017-07-03 10:24:54.612000','68','Redskins',2,'[{\"changed\": {\"fields\": [\"team_logo\"]}}]',42,11),(1962,'2017-07-03 10:25:12.141000','68','Redskins',2,'[]',42,11),(1963,'2017-07-03 10:25:21.964000','67','Titans',2,'[{\"changed\": {\"fields\": [\"team_logo\"]}}]',42,11),(1964,'2017-07-03 10:25:30.779000','66','Buccaneers',2,'[{\"changed\": {\"fields\": [\"team_logo\"]}}]',42,11),(1965,'2017-07-03 10:25:42.858000','65','49ers',2,'[{\"changed\": {\"fields\": [\"team_logo\"]}}]',42,11),(1966,'2017-07-03 10:26:20.597000','64','Seahawks',2,'[{\"changed\": {\"fields\": [\"team_logo\"]}}]',42,11),(1967,'2017-07-04 13:46:12.900000','68','Redskins',2,'[{\"changed\": {\"fields\": [\"team_logo\"]}}]',42,11),(1968,'2017-07-04 13:46:56.086000','68','Redskins',2,'[{\"changed\": {\"fields\": [\"team_logo\"]}}]',42,11),(1969,'2017-07-04 13:48:02.512000','67','Titans',2,'[{\"changed\": {\"fields\": [\"team_logo\"]}}]',42,11),(1970,'2017-07-04 13:48:07.540000','66','Buccaneers',2,'[{\"changed\": {\"fields\": [\"team_logo\"]}}]',42,11),(1971,'2017-07-04 13:48:11.824000','65','49ers',2,'[{\"changed\": {\"fields\": [\"team_logo\"]}}]',42,11),(1972,'2017-07-04 13:48:16.774000','63','Chargers',2,'[{\"changed\": {\"fields\": [\"team_logo\"]}}]',42,11),(1973,'2017-07-04 13:48:21.130000','62','Steelers',2,'[{\"changed\": {\"fields\": [\"team_logo\"]}}]',42,11),(1974,'2017-07-04 13:48:29.018000','61','Eagles',2,'[{\"changed\": {\"fields\": [\"team_logo\"]}}]',42,11),(1975,'2017-07-04 13:48:33.532000','60','Raiders',2,'[{\"changed\": {\"fields\": [\"team_logo\"]}}]',42,11),(1976,'2017-07-04 13:48:38.762000','59','Jets',2,'[{\"changed\": {\"fields\": [\"team_logo\"]}}]',42,11),(1977,'2017-07-04 13:48:43.111000','58','Giants',2,'[{\"changed\": {\"fields\": [\"team_logo\"]}}]',42,11),(1978,'2017-07-04 13:48:54.669000','67','Titans',2,'[{\"changed\": {\"fields\": [\"team_logo\"]}}]',42,11),(1979,'2017-07-04 13:49:01.560000','66','Buccaneers',2,'[{\"changed\": {\"fields\": [\"team_logo\"]}}]',42,11),(1980,'2017-07-04 13:49:09.197000','64','Seahawks',2,'[{\"changed\": {\"fields\": [\"team_logo\"]}}]',42,11),(1981,'2017-07-04 13:49:15.598000','65','49ers',2,'[{\"changed\": {\"fields\": [\"team_logo\"]}}]',42,11),(1982,'2017-07-04 13:49:24.312000','64','Seahawks',2,'[{\"changed\": {\"fields\": [\"team_logo\"]}}]',42,11),(1983,'2017-07-04 13:49:50.969000','63','Chargers',2,'[{\"changed\": {\"fields\": [\"team_logo\"]}}]',42,11),(1984,'2017-07-04 13:49:59.401000','62','Steelers',2,'[{\"changed\": {\"fields\": [\"team_logo\"]}}]',42,11),(1985,'2017-07-04 13:50:07.633000','61','Eagles',2,'[{\"changed\": {\"fields\": [\"team_logo\"]}}]',42,11),(1986,'2017-07-04 13:50:16.154000','60','Raiders',2,'[{\"changed\": {\"fields\": [\"team_logo\"]}}]',42,11),(1987,'2017-07-04 13:50:24.339000','59','Jets',2,'[{\"changed\": {\"fields\": [\"team_logo\"]}}]',42,11),(1988,'2017-07-04 13:50:33.066000','58','Giants',2,'[{\"changed\": {\"fields\": [\"team_logo\"]}}]',42,11),(1989,'2017-07-04 13:50:38.888000','57','Saints',2,'[{\"changed\": {\"fields\": [\"team_logo\"]}}]',42,11),(1990,'2017-07-04 13:50:48.997000','57','Saints',2,'[{\"changed\": {\"fields\": [\"team_logo\"]}}]',42,11),(1991,'2017-07-04 13:50:53.824000','56','Patriots',2,'[{\"changed\": {\"fields\": [\"team_logo\"]}}]',42,11),(1992,'2017-07-04 13:51:13.684000','56','Patriots',2,'[{\"changed\": {\"fields\": [\"team_logo\"]}}]',42,11),(1993,'2017-07-04 13:51:21.095000','55','Vikings',2,'[{\"changed\": {\"fields\": [\"team_logo\"]}}]',42,11),(1994,'2017-07-04 13:51:31.357000','55','Vikings',2,'[{\"changed\": {\"fields\": [\"team_logo\"]}}]',42,11),(1995,'2017-07-04 13:51:40.924000','54','Dolphins',2,'[{\"changed\": {\"fields\": [\"team_logo\"]}}]',42,11),(1996,'2017-07-04 13:51:53.500000','53','Rams',2,'[{\"changed\": {\"fields\": [\"team_logo\"]}}]',42,11),(1997,'2017-07-04 13:52:05.216000','52','Chiefs',2,'[{\"changed\": {\"fields\": [\"team_logo\"]}}]',42,11),(1998,'2017-07-04 13:52:15.264000','51','Jaguars',2,'[{\"changed\": {\"fields\": [\"team_logo\"]}}]',42,11),(1999,'2017-07-04 13:52:25.931000','50','Colts',2,'[{\"changed\": {\"fields\": [\"team_logo\"]}}]',42,11),(2000,'2017-07-04 13:52:35.244000','49','Texans',2,'[{\"changed\": {\"fields\": [\"team_logo\"]}}]',42,11),(2001,'2017-07-04 13:52:45.014000','48','Packers',2,'[{\"changed\": {\"fields\": [\"team_logo\"]}}]',42,11),(2002,'2017-07-04 13:52:56.987000','47','Lions',2,'[{\"changed\": {\"fields\": [\"team_logo\"]}}]',42,11),(2003,'2017-07-04 13:53:05.512000','46','Broncos',2,'[{\"changed\": {\"fields\": [\"team_logo\"]}}]',42,11),(2004,'2017-07-04 13:53:14.956000','45','Cowboys',2,'[{\"changed\": {\"fields\": [\"team_logo\"]}}]',42,11),(2005,'2017-07-04 13:53:28.202000','44','Browns',2,'[{\"changed\": {\"fields\": [\"team_logo\"]}}]',42,11),(2006,'2017-07-04 13:53:35.136000','43','Bengals',2,'[{\"changed\": {\"fields\": [\"team_logo\"]}}]',42,11),(2007,'2017-07-04 13:53:43.971000','42','Bears',2,'[{\"changed\": {\"fields\": [\"team_logo\"]}}]',42,11),(2008,'2017-07-04 13:53:51.724000','41','Panthers',2,'[{\"changed\": {\"fields\": [\"team_logo\"]}}]',42,11),(2009,'2017-07-04 13:53:59.662000','40','Bills',2,'[{\"changed\": {\"fields\": [\"team_logo\"]}}]',42,11),(2010,'2017-07-04 13:54:15.141000','39','Ravens',2,'[{\"changed\": {\"fields\": [\"team_logo\"]}}]',42,11),(2011,'2017-07-04 13:54:30.546000','38','Falcons',2,'[{\"changed\": {\"fields\": [\"team_logo\"]}}]',42,11),(2012,'2017-07-04 13:54:38.715000','37','Cardinals',2,'[{\"changed\": {\"fields\": [\"team_logo\"]}}]',42,11),(2013,'2017-07-04 19:47:03.044000','65','49ers',2,'[{\"changed\": {\"fields\": [\"team_logo\"]}}]',42,11),(2014,'2017-07-04 19:47:11.699000','65','49ers',2,'[{\"changed\": {\"fields\": [\"team_logo\"]}}]',42,11),(2015,'2017-07-09 09:47:10.636000','2059','conorspicer  -  Week 1  -  Buccaneers  @  Falcons',2,'[{\"changed\": {\"fields\": [\"changeable\"]}}]',44,11),(2016,'2017-07-09 09:47:20.011000','2060','conorspicer  -  Week 1  -  Bills  @  Ravens',2,'[{\"changed\": {\"fields\": [\"changeable\"]}}]',44,11),(2017,'2017-07-16 19:24:04.325000','1','PlayoffPick object',1,'[{\"added\": {}}]',51,11),(2018,'2017-07-16 20:00:12.176000','68','Redskins',2,'[{\"changed\": {\"fields\": [\"conference\"]}}]',42,11),(2019,'2017-07-16 20:00:20.714000','66','Buccaneers',2,'[{\"changed\": {\"fields\": [\"conference\"]}}]',42,11),(2020,'2017-07-16 20:00:30.225000','65','49ers',2,'[{\"changed\": {\"fields\": [\"conference\"]}}]',42,11),(2021,'2017-07-16 20:00:35.597000','64','Seahawks',2,'[{\"changed\": {\"fields\": [\"conference\"]}}]',42,11),(2022,'2017-07-16 20:00:43.299000','61','Eagles',2,'[{\"changed\": {\"fields\": [\"conference\"]}}]',42,11),(2023,'2017-07-16 20:00:53.895000','58','Giants',2,'[{\"changed\": {\"fields\": [\"conference\"]}}]',42,11),(2024,'2017-07-16 20:01:02.839000','57','Saints',2,'[{\"changed\": {\"fields\": [\"conference\"]}}]',42,11),(2025,'2017-07-16 20:01:14.443000','55','Vikings',2,'[{\"changed\": {\"fields\": [\"conference\"]}}]',42,11),(2026,'2017-07-16 20:01:25.066000','53','Rams',2,'[{\"changed\": {\"fields\": [\"conference\"]}}]',42,11),(2027,'2017-07-16 20:01:36.870000','48','Packers',2,'[{\"changed\": {\"fields\": [\"conference\"]}}]',42,11),(2028,'2017-07-16 20:01:43.505000','47','Lions',2,'[{\"changed\": {\"fields\": [\"conference\"]}}]',42,11),(2029,'2017-07-16 20:01:49.550000','45','Cowboys',2,'[{\"changed\": {\"fields\": [\"conference\"]}}]',42,11),(2030,'2017-07-16 20:01:57.109000','42','Bears',2,'[{\"changed\": {\"fields\": [\"conference\"]}}]',42,11),(2031,'2017-07-16 20:02:04.996000','41','Panthers',2,'[{\"changed\": {\"fields\": [\"conference\"]}}]',42,11),(2032,'2017-07-16 20:02:16.902000','38','Falcons',2,'[{\"changed\": {\"fields\": [\"conference\"]}}]',42,11),(2033,'2017-07-16 20:02:22.670000','37','Cardinals',2,'[{\"changed\": {\"fields\": [\"conference\"]}}]',42,11),(2034,'2017-07-17 13:15:23.575000','2058','conorspicer  -  Week 1  -  Panthers  @  Broncos',2,'[{\"changed\": {\"fields\": [\"changeable\"]}}]',44,11),(2035,'2017-07-17 13:15:28.996000','2059','conorspicer  -  Week 1  -  Buccaneers  @  Falcons',2,'[{\"changed\": {\"fields\": [\"changeable\"]}}]',44,11),(2036,'2017-07-17 13:15:34.049000','2060','conorspicer  -  Week 1  -  Bills  @  Ravens',2,'[{\"changed\": {\"fields\": [\"changeable\"]}}]',44,11),(2037,'2017-07-17 13:15:39.559000','2061','conorspicer  -  Week 1  -  Bears  @  Texans',2,'[{\"changed\": {\"fields\": [\"changeable\"]}}]',44,11),(2038,'2017-07-17 14:26:41.443000','2058','conorspicer  -  Week 1  -  Panthers  @  Broncos',2,'[{\"changed\": {\"fields\": [\"changeable\"]}}]',44,11),(2039,'2017-07-17 14:26:46.356000','2059','conorspicer  -  Week 1  -  Buccaneers  @  Falcons',2,'[{\"changed\": {\"fields\": [\"changeable\"]}}]',44,11),(2040,'2017-07-17 14:26:51.597000','2060','conorspicer  -  Week 1  -  Bills  @  Ravens',2,'[{\"changed\": {\"fields\": [\"changeable\"]}}]',44,11),(2041,'2017-07-17 14:26:59.614000','2061','conorspicer  -  Week 1  -  Bears  @  Texans',2,'[{\"changed\": {\"fields\": [\"changeable\"]}}]',44,11),(2042,'2017-09-02 08:56:54.482000','285','Week 17  -  Seahawks  @  49ers',3,'',43,11),(2043,'2017-09-02 08:56:54.486000','284','Week 17  -  Chiefs  @  Chargers',3,'',43,11),(2044,'2017-09-02 08:56:54.492000','283','Week 17  -  Cardinals  @  Rams',3,'',43,11),(2045,'2017-09-02 08:56:54.500000','282','Week 17  -  Raiders  @  Broncos',3,'',43,11),(2046,'2017-09-02 08:56:54.504000','281','Week 17  -  Giants  @  Redskins',3,'',43,11),(2047,'2017-09-02 08:56:54.511000','280','Week 17  -  Texans  @  Titans',3,'',43,11),(2048,'2017-09-02 08:56:54.515000','279','Week 17  -  Panthers  @  Buccaneers',3,'',43,11),(2049,'2017-09-02 08:56:54.523000','278','Week 17  -  Browns  @  Steelers',3,'',43,11),(2050,'2017-09-02 08:56:54.531000','277','Week 17  -  Cowboys  @  Eagles',3,'',43,11),(2051,'2017-09-02 08:56:54.535000','276','Week 17  -  Bills  @  Jets',3,'',43,11),(2052,'2017-09-02 08:56:54.538000','275','Week 17  -  Bears  @  Vikings',3,'',43,11),(2053,'2017-09-02 08:56:54.543000','274','Week 17  -  Patriots  @  Dolphins',3,'',43,11),(2054,'2017-09-02 08:56:54.547000','273','Week 17  -  Jaguars  @  Colts',3,'',43,11),(2055,'2017-09-02 08:56:54.552000','272','Week 17  -  Packers  @  Lions',3,'',43,11),(2056,'2017-09-02 08:56:54.557000','271','Week 17  -  Ravens  @  Bengals',3,'',43,11),(2057,'2017-09-02 08:56:54.564000','270','Week 17  -  Saints  @  Falcons',3,'',43,11),(2058,'2017-09-02 08:56:54.569000','269','Week 16  -  Lions  @  Cowboys',3,'',43,11),(2059,'2017-09-02 08:56:54.576000','268','Week 16  -  Broncos  @  Chiefs',3,'',43,11),(2060,'2017-09-02 08:56:54.581000','267','Week 16  -  Ravens  @  Steelers',3,'',43,11),(2061,'2017-09-02 08:56:54.585000','266','Week 16  -  Bengals  @  Texans',3,'',43,11),(2062,'2017-09-02 08:56:54.589000','265','Week 16  -  Cardinals  @  Seahawks',3,'',43,11),(2063,'2017-09-02 08:56:54.594000','264','Week 16  -  49ers  @  Rams',3,'',43,11),(2064,'2017-09-02 08:56:54.600000','263','Week 16  -  Colts  @  Raiders',3,'',43,11),(2065,'2017-09-02 08:56:54.604000','262','Week 16  -  Buccaneers  @  Saints',3,'',43,11),(2066,'2017-09-02 08:56:54.608000','261','Week 16  -  Jets  @  Patriots',3,'',43,11),(2067,'2017-09-02 08:56:54.613000','260','Week 16  -  Titans  @  Jaguars',3,'',43,11),(2068,'2017-09-02 08:56:54.617000','259','Week 16  -  Vikings  @  Packers',3,'',43,11),(2069,'2017-09-02 08:56:54.622000','258','Week 16  -  Chargers  @  Browns',3,'',43,11),(2070,'2017-09-02 08:56:54.625000','257','Week 16  -  Redskins  @  Bears',3,'',43,11),(2071,'2017-09-02 08:56:54.630000','256','Week 16  -  Falcons  @  Panthers',3,'',43,11),(2072,'2017-09-02 08:56:54.638000','255','Week 16  -  Dolphins  @  Bills',3,'',43,11),(2073,'2017-09-02 08:56:54.646000','254','Week 16  -  Giants  @  Eagles',3,'',43,11),(2074,'2017-09-02 08:56:54.650000','253','Week 15  -  Panthers  @  Redskins',3,'',43,11),(2075,'2017-09-02 08:56:54.655000','252','Week 15  -  Steelers  @  Bengals',3,'',43,11),(2076,'2017-09-02 08:56:54.666000','251','Week 15  -  Raiders  @  Chargers',3,'',43,11),(2077,'2017-09-02 08:56:54.671000','250','Week 15  -  Patriots  @  Broncos',3,'',43,11),(2078,'2017-09-02 08:56:54.675000','249','Week 15  -  49ers  @  Falcons',3,'',43,11),(2079,'2017-09-02 08:56:54.683000','248','Week 15  -  Saints  @  Cardinals',3,'',43,11),(2080,'2017-09-02 08:56:54.687000','247','Week 15  -  Lions  @  Giants',3,'',43,11),(2081,'2017-09-02 08:56:54.695000','246','Week 15  -  Colts  @  Vikings',3,'',43,11),(2082,'2017-09-02 08:56:54.701000','245','Week 15  -  Titans  @  Chiefs',3,'',43,11),(2083,'2017-09-02 08:56:54.705000','244','Week 15  -  Jaguars  @  Texans',3,'',43,11),(2084,'2017-09-02 08:56:54.713000','243','Week 15  -  Buccaneers  @  Cowboys',3,'',43,11),(2085,'2017-09-02 08:56:54.721000','242','Week 15  -  Packers  @  Bears',3,'',43,11),(2086,'2017-09-02 08:56:54.729000','241','Week 15  -  Browns  @  Bills',3,'',43,11),(2087,'2017-09-02 08:56:54.743000','240','Week 15  -  Eagles  @  Ravens',3,'',43,11),(2088,'2017-09-02 08:56:54.754000','239','Week 15  -  Dolphins  @  Jets',3,'',43,11),(2089,'2017-09-02 08:56:54.762000','238','Week 15  -  Rams  @  Seahawks',3,'',43,11),(2090,'2017-09-02 08:56:54.766000','237','Week 14  -  Ravens  @  Patriots',3,'',43,11),(2091,'2017-09-02 08:56:54.771000','236','Week 14  -  Cowboys  @  Giants',3,'',43,11),(2092,'2017-09-02 08:56:54.776000','235','Week 14  -  Falcons  @  Rams',3,'',43,11),(2093,'2017-09-02 08:56:54.781000','234','Week 14  -  Seahawks  @  Packers',3,'',43,11),(2094,'2017-09-02 08:56:54.789000','233','Week 14  -  Jets  @  49ers',3,'',43,11),(2095,'2017-09-02 08:56:54.795000','232','Week 14  -  Broncos  @  Titans',3,'',43,11),(2096,'2017-09-02 08:56:54.803000','231','Week 14  -  Saints  @  Buccaneers',3,'',43,11),(2097,'2017-09-02 08:56:54.811000','230','Week 14  -  Redskins  @  Eagles',3,'',43,11),(2098,'2017-09-02 08:56:54.818000','229','Week 14  -  Cardinals  @  Dolphins',3,'',43,11),(2099,'2017-09-02 08:56:54.825000','228','Week 14  -  Vikings  @  Jaguars',3,'',43,11),(2100,'2017-09-02 08:56:54.831000','227','Week 14  -  Texans  @  Colts',3,'',43,11),(2101,'2017-09-02 08:56:54.835000','226','Week 14  -  Bears  @  Lions',3,'',43,11),(2102,'2017-09-02 08:56:54.840000','225','Week 14  -  Bengals  @  Browns',3,'',43,11),(2103,'2017-09-02 08:56:54.850000','224','Week 14  -  Chargers  @  Panthers',3,'',43,11),(2104,'2017-09-02 08:56:54.855000','223','Week 14  -  Steelers  @  Bills',3,'',43,11),(2105,'2017-09-02 08:56:54.862000','222','Week 14  -  Raiders  @  Chiefs',3,'',43,11),(2106,'2017-09-02 08:56:54.867000','221','Week 13  -  Colts  @  Jets',3,'',43,11),(2107,'2017-09-02 08:56:54.875000','220','Week 13  -  Panthers  @  Seahawks',3,'',43,11),(2108,'2017-09-02 08:56:54.880000','219','Week 13  -  Buccaneers  @  Chargers',3,'',43,11),(2109,'2017-09-02 08:56:54.887000','218','Week 13  -  Giants  @  Steelers',3,'',43,11),(2110,'2017-09-02 08:56:54.892000','217','Week 13  -  Redskins  @  Cardinals',3,'',43,11),(2111,'2017-09-02 08:56:54.901000','216','Week 13  -  Bills  @  Raiders',3,'',43,11),(2112,'2017-09-02 08:56:54.908000','215','Week 13  -  Lions  @  Saints',3,'',43,11),(2113,'2017-09-02 08:56:54.914000','214','Week 13  -  Rams  @  Patriots',3,'',43,11),(2114,'2017-09-02 08:56:54.918000','213','Week 13  -  Broncos  @  Jaguars',3,'',43,11),(2115,'2017-09-02 08:56:54.926000','212','Week 13  -  Texans  @  Packers',3,'',43,11),(2116,'2017-09-02 08:56:54.940000','211','Week 13  -  Eagles  @  Bengals',3,'',43,11),(2117,'2017-09-02 08:56:54.944000','210','Week 13  -  49ers  @  Bears',3,'',43,11),(2118,'2017-09-02 08:56:54.953000','209','Week 13  -  Dolphins  @  Ravens',3,'',43,11),(2119,'2017-09-02 08:56:54.957000','208','Week 13  -  Chiefs  @  Falcons',3,'',43,11),(2120,'2017-09-02 08:56:54.962000','207','Week 13  -  Cowboys  @  Vikings',3,'',43,11),(2121,'2017-09-02 08:56:54.975000','206','Week 12  -  Packers  @  Eagles',3,'',43,11),(2122,'2017-09-02 08:56:54.981000','205','Week 12  -  Patriots  @  Jets',3,'',43,11),(2123,'2017-09-02 08:56:54.986000','204','Week 12  -  Panthers  @  Raiders',3,'',43,11),(2124,'2017-09-02 08:56:54.992000','203','Week 12  -  Chiefs  @  Broncos',3,'',43,11),(2125,'2017-09-02 08:56:54.996000','202','Week 12  -  Seahawks  @  Buccaneers',3,'',43,11),(2126,'2017-09-02 08:56:55.004000','201','Week 12  -  Rams  @  Saints',3,'',43,11),(2127,'2017-09-02 08:56:55.008000','200','Week 12  -  49ers  @  Dolphins',3,'',43,11),(2128,'2017-09-02 08:56:55.012000','199','Week 12  -  Chargers  @  Texans',3,'',43,11),(2129,'2017-09-02 08:56:55.020000','198','Week 12  -  Giants  @  Browns',3,'',43,11),(2130,'2017-09-02 08:56:55.028000','197','Week 12  -  Titans  @  Bears',3,'',43,11),(2131,'2017-09-02 08:56:55.033000','196','Week 12  -  Jaguars  @  Bills',3,'',43,11),(2132,'2017-09-02 08:56:55.038000','195','Week 12  -  Bengals  @  Ravens',3,'',43,11),(2133,'2017-09-02 08:56:55.062000','194','Week 12  -  Cardinals  @  Falcons',3,'',43,11),(2134,'2017-09-02 08:56:55.071000','193','Week 12  -  Steelers  @  Colts',3,'',43,11),(2135,'2017-09-02 08:56:55.084000','192','Week 12  -  Redskins  @  Cowboys',3,'',43,11),(2136,'2017-09-02 08:56:55.091000','191','Week 12  -  Vikings  @  Lions',3,'',43,11),(2137,'2017-09-02 08:56:55.100000','190','Week 11  -  Texans  @  Raiders',3,'',43,11),(2138,'2017-09-02 08:56:55.105000','189','Week 11  -  Packers  @  Redskins',3,'',43,11),(2139,'2017-09-02 08:56:55.111000','188','Week 11  -  Eagles  @  Seahawks',3,'',43,11),(2140,'2017-09-02 08:56:55.119000','187','Week 11  -  Patriots  @  49ers',3,'',43,11),(2141,'2017-09-02 08:56:55.125000','186','Week 11  -  Dolphins  @  Rams',3,'',43,11),(2142,'2017-09-02 08:56:55.129000','185','Week 11  -  Bears  @  Giants',3,'',43,11),(2143,'2017-09-02 08:56:55.134000','184','Week 11  -  Cardinals  @  Vikings',3,'',43,11),(2144,'2017-09-02 08:56:55.140000','183','Week 11  -  Buccaneers  @  Chiefs',3,'',43,11),(2145,'2017-09-02 08:56:55.147000','182','Week 11  -  Titans  @  Colts',3,'',43,11),(2146,'2017-09-02 08:56:55.156000','181','Week 11  -  Jaguars  @  Lions',3,'',43,11),(2147,'2017-09-02 08:56:55.163000','180','Week 11  -  Ravens  @  Cowboys',3,'',43,11),(2148,'2017-09-02 08:56:55.168000','179','Week 11  -  Steelers  @  Browns',3,'',43,11),(2149,'2017-09-02 08:56:55.174000','178','Week 11  -  Bills  @  Bengals',3,'',43,11),(2150,'2017-09-02 08:56:55.184000','177','Week 11  -  Saints  @  Panthers',3,'',43,11),(2151,'2017-09-02 08:56:55.188000','176','Week 10  -  Bengals  @  Giants',3,'',43,11),(2152,'2017-09-02 08:56:55.193000','175','Week 10  -  Seahawks  @  Patriots',3,'',43,11),(2153,'2017-09-02 08:56:55.201000','174','Week 10  -  Cowboys  @  Steelers',3,'',43,11),(2154,'2017-09-02 08:56:55.208000','173','Week 10  -  49ers  @  Cardinals',3,'',43,11),(2155,'2017-09-02 08:56:55.212000','172','Week 10  -  Dolphins  @  Chargers',3,'',43,11),(2156,'2017-09-02 08:56:55.217000','171','Week 10  -  Vikings  @  Redskins',3,'',43,11),(2157,'2017-09-02 08:56:55.221000','170','Week 10  -  Packers  @  Titans',3,'',43,11),(2158,'2017-09-02 08:56:55.232000','169','Week 10  -  Bears  @  Buccaneers',3,'',43,11),(2159,'2017-09-02 08:56:55.236000','168','Week 10  -  Falcons  @  Eagles',3,'',43,11),(2160,'2017-09-02 08:56:55.247000','167','Week 10  -  Rams  @  Jets',3,'',43,11),(2161,'2017-09-02 08:56:55.252000','166','Week 10  -  Broncos  @  Saints',3,'',43,11),(2162,'2017-09-02 08:56:55.257000','165','Week 10  -  Texans  @  Jaguars',3,'',43,11),(2163,'2017-09-02 08:56:55.264000','164','Week 10  -  Chiefs  @  Panthers',3,'',43,11),(2164,'2017-09-02 08:56:55.269000','163','Week 10  -  Browns  @  Ravens',3,'',43,11),(2165,'2017-09-02 08:56:55.279000','162','Week 9  -  Bills  @  Seahawks',3,'',43,11),(2166,'2017-09-02 08:56:55.284000','161','Week 9  -  Titans  @  Chargers',3,'',43,11),(2167,'2017-09-02 08:56:55.288000','160','Week 9  -  Colts  @  Packers',3,'',43,11),(2168,'2017-09-02 08:56:55.297000','159','Week 9  -  Saints  @  49ers',3,'',43,11),(2169,'2017-09-02 08:56:55.308000','158','Week 9  -  Panthers  @  Rams',3,'',43,11),(2170,'2017-09-02 08:56:55.317000','157','Week 9  -  Eagles  @  Giants',3,'',43,11),(2171,'2017-09-02 08:56:55.323000','156','Week 9  -  Lions  @  Vikings',3,'',43,11),(2172,'2017-09-02 08:56:55.329000','155','Week 9  -  Jets  @  Dolphins',3,'',43,11),(2173,'2017-09-02 08:56:55.333000','154','Week 9  -  Jaguars  @  Chiefs',3,'',43,11),(2174,'2017-09-02 08:56:55.338000','153','Week 9  -  Cowboys  @  Browns',3,'',43,11),(2175,'2017-09-02 08:56:55.347000','152','Week 9  -  Steelers  @  Ravens',3,'',43,11),(2176,'2017-09-02 08:56:55.354000','151','Week 9  -  Broncos  @  Raiders',3,'',43,11),(2177,'2017-09-02 08:56:55.358000','150','Week 9  -  Falcons  @  Buccaneers',3,'',43,11),(2178,'2017-09-02 08:56:55.363000','149','Week 8  -  Vikings  @  Bears',3,'',43,11),(2179,'2017-09-02 08:56:55.371000','148','Week 8  -  Eagles  @  Cowboys',3,'',43,11),(2180,'2017-09-02 08:56:55.379000','147','Week 8  -  Cardinals  @  Panthers',3,'',43,11),(2181,'2017-09-02 08:56:55.387000','146','Week 8  -  Chargers  @  Broncos',3,'',43,11),(2182,'2017-09-02 08:56:55.396000','145','Week 8  -  Raiders  @  Buccaneers',3,'',43,11),(2183,'2017-09-02 08:56:55.400000','144','Week 8  -  Seahawks  @  Saints',3,'',43,11),(2184,'2017-09-02 08:56:55.404000','143','Week 8  -  Chiefs  @  Colts',3,'',43,11),(2185,'2017-09-02 08:56:55.409000','142','Week 8  -  Lions  @  Texans',3,'',43,11),(2186,'2017-09-02 08:56:55.417000','141','Week 8  -  Jets  @  Browns',3,'',43,11),(2187,'2017-09-02 08:56:55.421000','140','Week 8  -  Patriots  @  Bills',3,'',43,11),(2188,'2017-09-02 08:56:55.430000','139','Week 8  -  Packers  @  Falcons',3,'',43,11),(2189,'2017-09-02 08:56:55.438000','138','Week 8  -  Redskins  @  Bengals',3,'',43,11),(2190,'2017-09-02 08:56:55.445000','137','Week 8  -  Jaguars  @  Titans',3,'',43,11),(2191,'2017-09-02 08:56:55.453000','136','Week 7  -  Texans  @  Broncos',3,'',43,11),(2192,'2017-09-02 08:56:55.461000','135','Week 7  -  Seahawks  @  Cardinals',3,'',43,11),(2193,'2017-09-02 08:56:55.466000','134','Week 7  -  Patriots  @  Steelers',3,'',43,11),(2194,'2017-09-02 08:56:55.472000','133','Week 7  -  Buccaneers  @  49ers',3,'',43,11),(2195,'2017-09-02 08:56:55.477000','132','Week 7  -  Chargers  @  Falcons',3,'',43,11),(2196,'2017-09-02 08:56:55.482000','131','Week 7  -  Colts  @  Titans',3,'',43,11),(2197,'2017-09-02 08:56:55.490000','130','Week 7  -  Vikings  @  Eagles',3,'',43,11),(2198,'2017-09-02 08:56:55.499000','129','Week 7  -  Ravens  @  Jets',3,'',43,11),(2199,'2017-09-02 08:56:55.510000','128','Week 7  -  Bills  @  Dolphins',3,'',43,11),(2200,'2017-09-02 08:56:55.515000','127','Week 7  -  Saints  @  Chiefs',3,'',43,11),(2201,'2017-09-02 08:56:55.521000','126','Week 7  -  Raiders  @  Jaguars',3,'',43,11),(2202,'2017-09-02 08:56:55.530000','125','Week 7  -  Redskins  @  Lions',3,'',43,11),(2203,'2017-09-02 08:56:55.536000','124','Week 7  -  Browns  @  Bengals',3,'',43,11),(2204,'2017-09-02 08:56:55.541000','123','Week 7  -  Giants  @  Rams',3,'',43,11),(2205,'2017-09-02 08:56:55.553000','122','Week 7  -  Bears  @  Packers',3,'',43,11),(2206,'2017-09-02 08:56:55.565000','121','Week 6  -  Jets  @  Cardinals',3,'',43,11),(2207,'2017-09-02 08:56:55.571000','120','Week 6  -  Colts  @  Texans',3,'',43,11),(2208,'2017-09-02 08:56:55.579000','119','Week 6  -  Falcons  @  Seahawks',3,'',43,11),(2209,'2017-09-02 08:56:55.586000','118','Week 6  -  Cowboys  @  Packers',3,'',43,11),(2210,'2017-09-02 08:56:55.594000','117','Week 6  -  Chiefs  @  Raiders',3,'',43,11),(2211,'2017-09-02 08:56:55.599000','116','Week 6  -  Eagles  @  Redskins',3,'',43,11),(2212,'2017-09-02 08:56:55.606000','115','Week 6  -  Browns  @  Titans',3,'',43,11),(2213,'2017-09-02 08:56:55.610000','114','Week 6  -  Ravens  @  Giants',3,'',43,11),(2214,'2017-09-02 08:56:55.614000','113','Week 6  -  Panthers  @  Saints',3,'',43,11),(2215,'2017-09-02 08:56:55.618000','112','Week 6  -  Bengals  @  Patriots',3,'',43,11),(2216,'2017-09-02 08:56:55.623000','111','Week 6  -  Steelers  @  Dolphins',3,'',43,11),(2217,'2017-09-02 08:56:55.630000','110','Week 6  -  Rams  @  Lions',3,'',43,11),(2218,'2017-09-02 08:56:55.635000','109','Week 6  -  Jaguars  @  Bears',3,'',43,11),(2219,'2017-09-02 08:56:55.646000','108','Week 6  -  49ers  @  Bills',3,'',43,11),(2220,'2017-09-02 08:56:55.655000','107','Week 6  -  Broncos  @  Chargers',3,'',43,11),(2221,'2017-09-02 08:56:55.665000','106','Week 5  -  Buccaneers  @  Panthers',3,'',43,11),(2222,'2017-09-02 08:56:55.670000','105','Week 5  -  Giants  @  Packers',3,'',43,11),(2223,'2017-09-02 08:56:55.675000','104','Week 5  -  Chargers  @  Raiders',3,'',43,11),(2224,'2017-09-02 08:56:55.679000','103','Week 5  -  Bills  @  Rams',3,'',43,11),(2225,'2017-09-02 08:56:55.683000','102','Week 5  -  Bengals  @  Cowboys',3,'',43,11),(2226,'2017-09-02 08:56:55.689000','101','Week 5  -  Falcons  @  Broncos',3,'',43,11),(2227,'2017-09-02 08:56:55.696000','100','Week 5  -  Jets  @  Steelers',3,'',43,11),(2228,'2017-09-02 08:56:55.702000','99','Week 5  -  Texans  @  Vikings',3,'',43,11),(2229,'2017-09-02 08:56:55.707000','98','Week 5  -  Titans  @  Dolphins',3,'',43,11),(2230,'2017-09-02 08:56:55.711000','97','Week 5  -  Bears  @  Colts',3,'',43,11),(2231,'2017-09-02 08:56:55.715000','96','Week 5  -  Eagles  @  Lions',3,'',43,11),(2232,'2017-09-02 08:56:55.720000','95','Week 5  -  Patriots  @  Browns',3,'',43,11),(2233,'2017-09-02 08:56:55.725000','94','Week 5  -  Redskins  @  Ravens',3,'',43,11),(2234,'2017-09-02 08:56:55.730000','93','Week 5  -  Cardinals  @  49ers',3,'',43,11),(2235,'2017-09-02 08:56:55.736000','92','Week 4  -  Giants  @  Vikings',3,'',43,11),(2236,'2017-09-02 08:56:55.740000','91','Week 4  -  Chiefs  @  Steelers',3,'',43,11),(2237,'2017-09-02 08:56:55.746000','90','Week 4  -  Cowboys  @  49ers',3,'',43,11),(2238,'2017-09-02 08:56:55.751000','89','Week 4  -  Saints  @  Chargers',3,'',43,11),(2239,'2017-09-02 08:56:55.759000','88','Week 4  -  Rams  @  Cardinals',3,'',43,11),(2240,'2017-09-02 08:56:55.764000','87','Week 4  -  Broncos  @  Buccaneers',3,'',43,11),(2241,'2017-09-02 08:56:55.768000','86','Week 4  -  Browns  @  Redskins',3,'',43,11),(2242,'2017-09-02 08:56:55.773000','85','Week 4  -  Seahawks  @  Jets',3,'',43,11),(2243,'2017-09-02 08:56:55.777000','84','Week 4  -  Bills  @  Patriots',3,'',43,11),(2244,'2017-09-02 08:56:55.782000','83','Week 4  -  Titans  @  Texans',3,'',43,11),(2245,'2017-09-02 08:56:55.787000','82','Week 4  -  Lions  @  Bears',3,'',43,11),(2246,'2017-09-02 08:56:55.792000','81','Week 4  -  Raiders  @  Ravens',3,'',43,11),(2247,'2017-09-02 08:56:55.800000','80','Week 4  -  Panthers  @  Falcons',3,'',43,11),(2248,'2017-09-02 08:56:55.805000','79','Week 4  -  Colts  @  Jaguars',3,'',43,11),(2249,'2017-09-02 08:56:55.809000','78','Week 4  -  Dolphins  @  Bengals',3,'',43,11),(2250,'2017-09-02 08:56:55.814000','77','Week 3  -  Falcons  @  Saints',3,'',43,11),(2251,'2017-09-02 08:56:55.819000','76','Week 3  -  Bears  @  Cowboys',3,'',43,11),(2252,'2017-09-02 08:56:55.823000','75','Week 3  -  Jets  @  Chiefs',3,'',43,11),(2253,'2017-09-02 08:56:55.832000','74','Week 3  -  Chargers  @  Colts',3,'',43,11),(2254,'2017-09-02 08:56:55.839000','73','Week 3  -  Steelers  @  Eagles',3,'',43,11),(2255,'2017-09-02 08:56:55.844000','72','Week 3  -  Rams  @  Buccaneers',3,'',43,11),(2256,'2017-09-02 08:56:55.847000','71','Week 3  -  49ers  @  Seahawks',3,'',43,11),(2257,'2017-09-02 08:56:55.855000','70','Week 3  -  Raiders  @  Titans',3,'',43,11),(2258,'2017-09-02 08:56:55.860000','69','Week 3  -  Redskins  @  Giants',3,'',43,11),(2259,'2017-09-02 08:56:55.864000','68','Week 3  -  Browns  @  Dolphins',3,'',43,11),(2260,'2017-09-02 08:56:55.868000','67','Week 3  -  Ravens  @  Jaguars',3,'',43,11),(2261,'2017-09-02 08:56:55.873000','66','Week 3  -  Lions  @  Packers',3,'',43,11),(2262,'2017-09-02 08:56:55.879000','65','Week 3  -  Broncos  @  Bengals',3,'',43,11),(2263,'2017-09-02 08:56:55.884000','64','Week 3  -  Vikings  @  Panthers',3,'',43,11),(2264,'2017-09-02 08:56:55.889000','63','Week 3  -  Cardinals  @  Bills',3,'',43,11),(2265,'2017-09-02 08:56:55.895000','62','Week 3  -  Texans  @  Patriots',3,'',43,11),(2266,'2017-09-02 08:56:55.900000','61','Week 2  -  Eagles  @  Bears',3,'',43,11),(2267,'2017-09-02 08:56:55.904000','60','Week 2  -  Packers  @  Vikings',3,'',43,11),(2268,'2017-09-02 08:56:55.909000','59','Week 2  -  Jaguars  @  Chargers',3,'',43,11),(2269,'2017-09-02 08:56:55.913000','58','Week 2  -  Falcons  @  Raiders',3,'',43,11),(2270,'2017-09-02 08:56:55.918000','57','Week 2  -  Colts  @  Broncos',3,'',43,11),(2271,'2017-09-02 08:56:55.922000','56','Week 2  -  Seahawks  @  Rams',3,'',43,11),(2272,'2017-09-02 08:56:55.927000','55','Week 2  -  Buccaneers  @  Cardinals',3,'',43,11),(2273,'2017-09-02 08:56:55.932000','54','Week 2  -  Cowboys  @  Redskins',3,'',43,11),(2274,'2017-09-02 08:56:55.937000','53','Week 2  -  Bengals  @  Steelers',3,'',43,11),(2275,'2017-09-02 08:56:55.941000','52','Week 2  -  Saints  @  Giants',3,'',43,11),(2276,'2017-09-02 08:56:55.946000','51','Week 2  -  Dolphins  @  Patriots',3,'',43,11),(2277,'2017-09-02 08:56:55.952000','50','Week 2  -  Chiefs  @  Texans',3,'',43,11),(2278,'2017-09-02 08:56:55.959000','49','Week 2  -  Titans  @  Lions',3,'',43,11),(2279,'2017-09-02 08:56:55.964000','48','Week 2  -  Ravens  @  Browns',3,'',43,11),(2280,'2017-09-02 08:56:55.976000','47','Week 2  -  49ers  @  Panthers',3,'',43,11),(2281,'2017-09-02 08:56:55.987000','46','Week 2  -  Jets  @  Bills',3,'',43,11),(2282,'2017-09-02 08:56:55.996000','45','Week 1  -  Rams  @  49ers',3,'',43,11),(2283,'2017-09-02 08:56:56.006000','44','Week 1  -  Steelers  @  Redskins',3,'',43,11),(2284,'2017-09-02 08:56:56.010000','43','Week 1  -  Patriots  @  Cardinals',3,'',43,11),(2285,'2017-09-02 08:56:56.018000','42','Week 1  -  Lions  @  Colts',3,'',43,11),(2286,'2017-09-02 08:56:56.023000','41','Week 1  -  Giants  @  Cowboys',3,'',43,11),(2287,'2017-09-02 08:56:56.027000','40','Week 1  -  Dolphins  @  Seahawks',3,'',43,11),(2288,'2017-09-02 08:56:56.031000','39','Week 1  -  Vikings  @  Titans',3,'',43,11),(2289,'2017-09-02 08:56:56.035000','38','Week 1  -  Browns  @  Eagles',3,'',43,11),(2290,'2017-09-02 08:56:56.040000','37','Week 1  -  Bengals  @  Jets',3,'',43,11),(2291,'2017-09-02 08:56:56.044000','36','Week 1  -  Raiders  @  Saints',3,'',43,11),(2292,'2017-09-02 08:56:56.049000','35','Week 1  -  Chargers  @  Chiefs',3,'',43,11),(2293,'2017-09-02 08:56:56.054000','34','Week 1  -  Packers  @  Jaguars',3,'',43,11),(2294,'2017-09-02 08:56:56.060000','33','Week 1  -  Bears  @  Texans',3,'',43,11),(2295,'2017-09-02 08:56:56.068000','32','Week 1  -  Bills  @  Ravens',3,'',43,11),(2296,'2017-09-02 08:56:56.072000','31','Week 1  -  Buccaneers  @  Falcons',3,'',43,11),(2297,'2017-09-02 08:56:56.075000','30','Week 1  -  Panthers  @  Broncos',3,'',43,11),(2298,'2017-09-02 09:38:23.290000','63','Chargers',2,'[{\"changed\": {\"fields\": [\"city_name\", \"full_name\"]}}]',42,11),(2299,'2017-09-02 09:43:36.577000','300','Week 1  -  Saints  @  Vikings',3,'',43,11),(2300,'2017-09-02 09:43:36.581000','299','Week 1  -  Giants  @  Cowboys',3,'',43,11),(2301,'2017-09-02 09:43:36.585000','298','Week 1  -  Panthers  @  49ers',3,'',43,11),(2302,'2017-09-02 09:43:36.594000','297','Week 1  -  Seahawks  @  Packers',3,'',43,11),(2303,'2017-09-02 09:43:36.598000','296','Week 1  -  Colts  @  Rams',3,'',43,11),(2304,'2017-09-02 09:43:36.604000','295','Week 1  -  Eagles  @  Redskins',3,'',43,11),(2305,'2017-09-02 09:43:36.610000','294','Week 1  -  Raiders  @  Titans',3,'',43,11),(2306,'2017-09-02 09:43:36.616000','293','Week 1  -  Buccaneers  @  Dolphins',3,'',43,11),(2307,'2017-09-02 09:43:36.620000','292','Week 1  -  Jaguars  @  Texans',3,'',43,11),(2308,'2017-09-02 09:43:36.625000','291','Week 1  -  Cardinals  @  Lions',3,'',43,11),(2309,'2017-09-02 09:43:36.628000','290','Week 1  -  Steelers  @  Browns',3,'',43,11),(2310,'2017-09-02 09:43:36.634000','289','Week 1  -  Ravens  @  Bengals',3,'',43,11),(2311,'2017-09-02 09:43:36.638000','288','Week 1  -  Falcons  @  Bears',3,'',43,11),(2312,'2017-09-02 09:43:36.645000','287','Week 1  -  Jets  @  Bills',3,'',43,11),(2313,'2017-09-02 09:43:36.649000','286','Week 1  -  Chiefs  @  Patriots',3,'',43,11),(2314,'2017-09-02 09:46:35.816000','63','Chargers',2,'[{\"changed\": {\"fields\": [\"short_name\"]}}]',42,11),(2315,'2017-09-02 09:47:11.649000','571','Week 17  -  Cardinals  @  Seahawks',3,'',43,11),(2316,'2017-09-02 09:47:11.653000','570','Week 17  -  49ers  @  Rams',3,'',43,11),(2317,'2017-09-02 09:47:11.658000','569','Week 17  -  Raiders  @  Chargers',3,'',43,11),(2318,'2017-09-02 09:47:11.662000','568','Week 17  -  Chiefs  @  Broncos',3,'',43,11),(2319,'2017-09-02 09:47:11.670000','567','Week 17  -  Jaguars  @  Titans',3,'',43,11),(2320,'2017-09-02 09:47:11.674000','566','Week 17  -  Saints  @  Buccaneers',3,'',43,11),(2321,'2017-09-02 09:47:11.678000','565','Week 17  -  Browns  @  Steelers',3,'',43,11),(2322,'2017-09-02 09:47:11.683000','564','Week 17  -  Cowboys  @  Eagles',3,'',43,11),(2323,'2017-09-02 09:47:11.689000','563','Week 17  -  Redskins  @  Giants',3,'',43,11),(2324,'2017-09-02 09:47:11.694000','562','Week 17  -  Jets  @  Patriots',3,'',43,11),(2325,'2017-09-02 09:47:11.699000','561','Week 17  -  Bears  @  Vikings',3,'',43,11),(2326,'2017-09-02 09:47:11.703000','560','Week 17  -  Bills  @  Dolphins',3,'',43,11),(2327,'2017-09-02 09:47:11.713000','559','Week 17  -  Texans  @  Colts',3,'',43,11),(2328,'2017-09-02 09:47:11.721000','558','Week 17  -  Packers  @  Lions',3,'',43,11),(2329,'2017-09-02 09:47:11.730000','557','Week 17  -  Bengals  @  Ravens',3,'',43,11),(2330,'2017-09-02 09:47:11.735000','556','Week 17  -  Panthers  @  Falcons',3,'',43,11),(2331,'2017-09-02 09:47:11.740000','555','Week 16  -  Raiders  @  Eagles',3,'',43,11),(2332,'2017-09-02 09:47:11.745000','554','Week 16  -  Steelers  @  Texans',3,'',43,11),(2333,'2017-09-02 09:47:11.750000','553','Week 16  -  Seahawks  @  Cowboys',3,'',43,11),(2334,'2017-09-02 09:47:11.758000','552','Week 16  -  Giants  @  Cardinals',3,'',43,11),(2335,'2017-09-02 09:47:11.763000','551','Week 16  -  Jaguars  @  49ers',3,'',43,11),(2336,'2017-09-02 09:47:11.769000','550','Week 16  -  Broncos  @  Redskins',3,'',43,11),(2337,'2017-09-02 09:47:11.776000','549','Week 16  -  Rams  @  Titans',3,'',43,11),(2338,'2017-09-02 09:47:11.781000','548','Week 16  -  Chargers  @  Jets',3,'',43,11),(2339,'2017-09-02 09:47:11.786000','547','Week 16  -  Falcons  @  Saints',3,'',43,11),(2340,'2017-09-02 09:47:11.790000','546','Week 16  -  Bills  @  Patriots',3,'',43,11),(2341,'2017-09-02 09:47:11.802000','545','Week 16  -  Dolphins  @  Chiefs',3,'',43,11),(2342,'2017-09-02 09:47:11.806000','544','Week 16  -  Lions  @  Bengals',3,'',43,11),(2343,'2017-09-02 09:47:11.820000','543','Week 16  -  Browns  @  Bears',3,'',43,11),(2344,'2017-09-02 09:47:11.825000','542','Week 16  -  Buccaneers  @  Panthers',3,'',43,11),(2345,'2017-09-02 09:47:11.829000','541','Week 16  -  Vikings  @  Packers',3,'',43,11),(2346,'2017-09-02 09:47:11.835000','540','Week 16  -  Colts  @  Ravens',3,'',43,11),(2347,'2017-09-02 09:47:11.839000','539','Week 15  -  Falcons  @  Buccaneers',3,'',43,11),(2348,'2017-09-02 09:47:11.844000','538','Week 15  -  Cowboys  @  Raiders',3,'',43,11),(2349,'2017-09-02 09:47:11.851000','537','Week 15  -  Titans  @  49ers',3,'',43,11),(2350,'2017-09-02 09:47:11.855000','536','Week 15  -  Patriots  @  Steelers',3,'',43,11),(2351,'2017-09-02 09:47:11.859000','535','Week 15  -  Rams  @  Seahawks',3,'',43,11),(2352,'2017-09-02 09:47:11.867000','534','Week 15  -  Cardinals  @  Redskins',3,'',43,11),(2353,'2017-09-02 09:47:11.872000','533','Week 15  -  Eagles  @  Giants',3,'',43,11),(2354,'2017-09-02 09:47:11.877000','532','Week 15  -  Jets  @  Saints',3,'',43,11),(2355,'2017-09-02 09:47:11.882000','531','Week 15  -  Bengals  @  Vikings',3,'',43,11),(2356,'2017-09-02 09:47:11.887000','530','Week 15  -  Texans  @  Jaguars',3,'',43,11),(2357,'2017-09-02 09:47:11.891000','529','Week 15  -  Ravens  @  Browns',3,'',43,11),(2358,'2017-09-02 09:47:11.898000','528','Week 15  -  Packers  @  Panthers',3,'',43,11),(2359,'2017-09-02 09:47:11.905000','527','Week 15  -  Dolphins  @  Bills',3,'',43,11),(2360,'2017-09-02 09:47:11.909000','526','Week 15  -  Chargers  @  Chiefs',3,'',43,11),(2361,'2017-09-02 09:47:11.914000','525','Week 15  -  Bears  @  Lions',3,'',43,11),(2362,'2017-09-02 09:47:11.923000','524','Week 15  -  Broncos  @  Colts',3,'',43,11),(2363,'2017-09-02 09:47:11.931000','523','Week 14  -  Patriots  @  Dolphins',3,'',43,11),(2364,'2017-09-02 09:47:11.939000','522','Week 14  -  Ravens  @  Steelers',3,'',43,11),(2365,'2017-09-02 09:47:11.951000','521','Week 14  -  Cowboys  @  Giants',3,'',43,11),(2366,'2017-09-02 09:47:11.956000','520','Week 14  -  Eagles  @  Rams',3,'',43,11),(2367,'2017-09-02 09:47:11.962000','519','Week 14  -  Redskins  @  Chargers',3,'',43,11),(2368,'2017-09-02 09:47:11.967000','518','Week 14  -  Jets  @  Broncos',3,'',43,11),(2369,'2017-09-02 09:47:11.971000','517','Week 14  -  Titans  @  Cardinals',3,'',43,11),(2370,'2017-09-02 09:47:11.975000','516','Week 14  -  Lions  @  Buccaneers',3,'',43,11),(2371,'2017-09-02 09:47:11.979000','515','Week 14  -  Raiders  @  Chiefs',3,'',43,11),(2372,'2017-09-02 09:47:11.984000','514','Week 14  -  Seahawks  @  Jaguars',3,'',43,11),(2373,'2017-09-02 09:47:11.988000','513','Week 14  -  49ers  @  Texans',3,'',43,11),(2374,'2017-09-02 09:47:11.993000','512','Week 14  -  Packers  @  Browns',3,'',43,11),(2375,'2017-09-02 09:47:11.996000','511','Week 14  -  Bears  @  Bengals',3,'',43,11),(2376,'2017-09-02 09:47:12.001000','510','Week 14  -  Vikings  @  Panthers',3,'',43,11),(2377,'2017-09-02 09:47:12.005000','509','Week 14  -  Colts  @  Bills',3,'',43,11),(2378,'2017-09-02 09:47:12.009000','508','Week 14  -  Saints  @  Falcons',3,'',43,11),(2379,'2017-09-02 09:47:12.017000','507','Week 13  -  Steelers  @  Bengals',3,'',43,11),(2380,'2017-09-02 09:47:12.021000','506','Week 13  -  Eagles  @  Seahawks',3,'',43,11),(2381,'2017-09-02 09:47:12.026000','505','Week 13  -  Giants  @  Raiders',3,'',43,11),(2382,'2017-09-02 09:47:12.034000','504','Week 13  -  Rams  @  Cardinals',3,'',43,11),(2383,'2017-09-02 09:47:12.041000','503','Week 13  -  Browns  @  Chargers',3,'',43,11),(2384,'2017-09-02 09:47:12.045000','502','Week 13  -  Texans  @  Titans',3,'',43,11),(2385,'2017-09-02 09:47:12.050000','501','Week 13  -  Chiefs  @  Jets',3,'',43,11),(2386,'2017-09-02 09:47:12.057000','500','Week 13  -  Panthers  @  Saints',3,'',43,11),(2387,'2017-09-02 09:47:12.063000','499','Week 13  -  Broncos  @  Dolphins',3,'',43,11),(2388,'2017-09-02 09:47:12.070000','498','Week 13  -  Colts  @  Jaguars',3,'',43,11),(2389,'2017-09-02 09:47:12.075000','497','Week 13  -  Buccaneers  @  Packers',3,'',43,11),(2390,'2017-09-02 09:47:12.079000','496','Week 13  -  49ers  @  Bears',3,'',43,11),(2391,'2017-09-02 09:47:12.083000','495','Week 13  -  Patriots  @  Bills',3,'',43,11),(2392,'2017-09-02 09:47:12.087000','494','Week 13  -  Lions  @  Ravens',3,'',43,11),(2393,'2017-09-02 09:47:12.098000','493','Week 13  -  Vikings  @  Falcons',3,'',43,11),(2394,'2017-09-02 09:47:12.109000','492','Week 13  -  Redskins  @  Cowboys',3,'',43,11),(2395,'2017-09-02 09:47:12.115000','491','Week 12  -  Texans  @  Ravens',3,'',43,11),(2396,'2017-09-02 09:47:12.119000','490','Week 12  -  Packers  @  Steelers',3,'',43,11),(2397,'2017-09-02 09:47:12.126000','489','Week 12  -  Broncos  @  Raiders',3,'',43,11),(2398,'2017-09-02 09:47:12.132000','488','Week 12  -  Jaguars  @  Cardinals',3,'',43,11),(2399,'2017-09-02 09:47:12.137000','487','Week 12  -  Seahawks  @  49ers',3,'',43,11),(2400,'2017-09-02 09:47:12.145000','486','Week 12  -  Saints  @  Rams',3,'',43,11),(2401,'2017-09-02 09:47:12.150000','485','Week 12  -  Bears  @  Eagles',3,'',43,11),(2402,'2017-09-02 09:47:12.154000','484','Week 12  -  Panthers  @  Jets',3,'',43,11),(2403,'2017-09-02 09:47:12.159000','483','Week 12  -  Dolphins  @  Patriots',3,'',43,11),(2404,'2017-09-02 09:47:12.164000','482','Week 12  -  Bills  @  Chiefs',3,'',43,11),(2405,'2017-09-02 09:47:12.170000','481','Week 12  -  Titans  @  Colts',3,'',43,11),(2406,'2017-09-02 09:47:12.175000','480','Week 12  -  Browns  @  Bengals',3,'',43,11),(2407,'2017-09-02 09:47:12.182000','479','Week 12  -  Buccaneers  @  Falcons',3,'',43,11),(2408,'2017-09-02 09:47:12.190000','478','Week 12  -  Giants  @  Redskins',3,'',43,11),(2409,'2017-09-02 09:47:12.195000','477','Week 12  -  Chargers  @  Cowboys',3,'',43,11),(2410,'2017-09-02 09:47:12.199000','476','Week 12  -  Vikings  @  Lions',3,'',43,11),(2411,'2017-09-02 09:47:12.205000','475','Week 11  -  Falcons  @  Seahawks',3,'',43,11),(2412,'2017-09-02 09:47:12.211000','474','Week 11  -  Eagles  @  Cowboys',3,'',43,11),(2413,'2017-09-02 09:47:12.219000','473','Week 11  -  Patriots  @  Raiders',3,'',43,11),(2414,'2017-09-02 09:47:12.226000','472','Week 11  -  Bengals  @  Broncos',3,'',43,11),(2415,'2017-09-02 09:47:12.231000','471','Week 11  -  Bills  @  Chargers',3,'',43,11),(2416,'2017-09-02 09:47:12.235000','470','Week 11  -  Chiefs  @  Giants',3,'',43,11),(2417,'2017-09-02 09:47:12.240000','469','Week 11  -  Redskins  @  Saints',3,'',43,11),(2418,'2017-09-02 09:47:12.246000','468','Week 11  -  Rams  @  Vikings',3,'',43,11),(2419,'2017-09-02 09:47:12.250000','467','Week 11  -  Cardinals  @  Texans',3,'',43,11),(2420,'2017-09-02 09:47:12.255000','466','Week 11  -  Ravens  @  Packers',3,'',43,11),(2421,'2017-09-02 09:47:12.260000','465','Week 11  -  Jaguars  @  Browns',3,'',43,11),(2422,'2017-09-02 09:47:12.264000','464','Week 11  -  Lions  @  Bears',3,'',43,11),(2423,'2017-09-02 09:47:12.269000','463','Week 11  -  Titans  @  Steelers',3,'',43,11),(2424,'2017-09-02 09:47:12.274000','462','Week 10  -  Dolphins  @  Panthers',3,'',43,11),(2425,'2017-09-02 09:47:12.278000','461','Week 10  -  Patriots  @  Broncos',3,'',43,11),(2426,'2017-09-02 09:47:12.282000','460','Week 10  -  Giants  @  49ers',3,'',43,11),(2427,'2017-09-02 09:47:12.287000','459','Week 10  -  Cowboys  @  Falcons',3,'',43,11),(2428,'2017-09-02 09:47:12.294000','458','Week 10  -  Texans  @  Rams',3,'',43,11),(2429,'2017-09-02 09:47:12.300000','457','Week 10  -  Vikings  @  Redskins',3,'',43,11),(2430,'2017-09-02 09:47:12.304000','456','Week 10  -  Bengals  @  Titans',3,'',43,11),(2431,'2017-09-02 09:47:12.312000','455','Week 10  -  Jets  @  Buccaneers',3,'',43,11),(2432,'2017-09-02 09:47:12.322000','454','Week 10  -  Chargers  @  Jaguars',3,'',43,11),(2433,'2017-09-02 09:47:12.326000','453','Week 10  -  Steelers  @  Colts',3,'',43,11),(2434,'2017-09-02 09:47:12.331000','452','Week 10  -  Browns  @  Lions',3,'',43,11),(2435,'2017-09-02 09:47:12.335000','451','Week 10  -  Packers  @  Bears',3,'',43,11),(2436,'2017-09-02 09:47:12.340000','450','Week 10  -  Saints  @  Bills',3,'',43,11),(2437,'2017-09-02 09:47:12.344000','449','Week 10  -  Seahawks  @  Cardinals',3,'',43,11),(2438,'2017-09-02 09:47:12.349000','448','Week 9  -  Lions  @  Packers',3,'',43,11),(2439,'2017-09-02 09:47:12.353000','447','Week 9  -  Raiders  @  Dolphins',3,'',43,11),(2440,'2017-09-02 09:47:12.358000','446','Week 9  -  Chiefs  @  Cowboys',3,'',43,11),(2441,'2017-09-02 09:47:12.367000','445','Week 9  -  Redskins  @  Seahawks',3,'',43,11),(2442,'2017-09-02 09:47:12.372000','444','Week 9  -  Cardinals  @  49ers',3,'',43,11),(2443,'2017-09-02 09:47:12.378000','443','Week 9  -  Ravens  @  Titans',3,'',43,11),(2444,'2017-09-02 09:47:12.383000','442','Week 9  -  Broncos  @  Eagles',3,'',43,11),(2445,'2017-09-02 09:47:12.387000','441','Week 9  -  Rams  @  Giants',3,'',43,11),(2446,'2017-09-02 09:47:12.398000','440','Week 9  -  Buccaneers  @  Saints',3,'',43,11),(2447,'2017-09-02 09:47:12.403000','439','Week 9  -  Bengals  @  Jaguars',3,'',43,11),(2448,'2017-09-02 09:47:12.409000','438','Week 9  -  Colts  @  Texans',3,'',43,11),(2449,'2017-09-02 09:47:12.417000','437','Week 9  -  Falcons  @  Panthers',3,'',43,11),(2450,'2017-09-02 09:47:12.427000','436','Week 9  -  Bills  @  Jets',3,'',43,11),(2451,'2017-09-02 09:47:12.431000','435','Week 8  -  Broncos  @  Chiefs',3,'',43,11),(2452,'2017-09-02 09:47:12.436000','434','Week 8  -  Steelers  @  Lions',3,'',43,11),(2453,'2017-09-02 09:47:12.446000','433','Week 8  -  Cowboys  @  Redskins',3,'',43,11),(2454,'2017-09-02 09:47:12.450000','432','Week 8  -  Texans  @  Seahawks',3,'',43,11),(2455,'2017-09-02 09:47:12.454000','431','Week 8  -  Panthers  @  Buccaneers',3,'',43,11),(2456,'2017-09-02 09:47:12.458000','430','Week 8  -  49ers  @  Eagles',3,'',43,11),(2457,'2017-09-02 09:47:12.463000','429','Week 8  -  Falcons  @  Jets',3,'',43,11),(2458,'2017-09-02 09:47:12.471000','428','Week 8  -  Bears  @  Saints',3,'',43,11),(2459,'2017-09-02 09:47:12.479000','427','Week 8  -  Chargers  @  Patriots',3,'',43,11),(2460,'2017-09-02 09:47:12.484000','426','Week 8  -  Colts  @  Bengals',3,'',43,11),(2461,'2017-09-02 09:47:12.496000','425','Week 8  -  Raiders  @  Bills',3,'',43,11),(2462,'2017-09-02 09:47:12.502000','424','Week 8  -  Vikings  @  Browns',3,'',43,11),(2463,'2017-09-02 09:47:12.507000','423','Week 8  -  Dolphins  @  Ravens',3,'',43,11),(2464,'2017-09-02 09:47:12.517000','422','Week 7  -  Redskins  @  Eagles',3,'',43,11),(2465,'2017-09-02 09:47:12.526000','421','Week 7  -  Falcons  @  Patriots',3,'',43,11),(2466,'2017-09-02 09:47:12.531000','420','Week 7  -  Seahawks  @  Giants',3,'',43,11),(2467,'2017-09-02 09:47:12.535000','419','Week 7  -  Broncos  @  Chargers',3,'',43,11),(2468,'2017-09-02 09:47:12.542000','418','Week 7  -  Cowboys  @  49ers',3,'',43,11),(2469,'2017-09-02 09:47:12.546000','417','Week 7  -  Bengals  @  Steelers',3,'',43,11),(2470,'2017-09-02 09:47:12.553000','416','Week 7  -  Ravens  @  Vikings',3,'',43,11),(2471,'2017-09-02 09:47:12.561000','415','Week 7  -  Jets  @  Dolphins',3,'',43,11),(2472,'2017-09-02 09:47:12.566000','414','Week 7  -  Cardinals  @  Rams',3,'',43,11),(2473,'2017-09-02 09:47:12.575000','413','Week 7  -  Jaguars  @  Colts',3,'',43,11),(2474,'2017-09-02 09:47:12.580000','412','Week 7  -  Saints  @  Packers',3,'',43,11),(2475,'2017-09-02 09:47:12.583000','411','Week 7  -  Titans  @  Browns',3,'',43,11),(2476,'2017-09-02 09:47:12.587000','410','Week 7  -  Panthers  @  Bears',3,'',43,11),(2477,'2017-09-02 09:47:12.592000','409','Week 7  -  Buccaneers  @  Bills',3,'',43,11),(2478,'2017-09-02 09:47:12.597000','408','Week 7  -  Chiefs  @  Raiders',3,'',43,11),(2479,'2017-09-02 09:47:12.601000','407','Week 6  -  Colts  @  Titans',3,'',43,11),(2480,'2017-09-02 09:47:12.605000','406','Week 6  -  Giants  @  Broncos',3,'',43,11),(2481,'2017-09-02 09:47:12.609000','405','Week 6  -  Chargers  @  Raiders',3,'',43,11),(2482,'2017-09-02 09:47:12.615000','404','Week 6  -  Steelers  @  Chiefs',3,'',43,11),(2483,'2017-09-02 09:47:12.621000','403','Week 6  -  Rams  @  Jaguars',3,'',43,11),(2484,'2017-09-02 09:47:12.629000','402','Week 6  -  Buccaneers  @  Cardinals',3,'',43,11),(2485,'2017-09-02 09:47:12.636000','401','Week 6  -  49ers  @  Redskins',3,'',43,11),(2486,'2017-09-02 09:47:12.641000','400','Week 6  -  Patriots  @  Jets',3,'',43,11),(2487,'2017-09-02 09:47:12.645000','399','Week 6  -  Lions  @  Saints',3,'',43,11),(2488,'2017-09-02 09:47:12.650000','398','Week 6  -  Packers  @  Vikings',3,'',43,11),(2489,'2017-09-02 09:47:12.655000','397','Week 6  -  Browns  @  Texans',3,'',43,11),(2490,'2017-09-02 09:47:12.660000','396','Week 6  -  Bears  @  Ravens',3,'',43,11),(2491,'2017-09-02 09:47:12.666000','395','Week 6  -  Dolphins  @  Falcons',3,'',43,11),(2492,'2017-09-02 09:47:12.670000','394','Week 6  -  Eagles  @  Panthers',3,'',43,11),(2493,'2017-09-02 09:47:12.674000','393','Week 5  -  Vikings  @  Bears',3,'',43,11),(2494,'2017-09-02 09:47:12.679000','392','Week 5  -  Chiefs  @  Texans',3,'',43,11),(2495,'2017-09-02 09:47:12.684000','391','Week 5  -  Packers  @  Cowboys',3,'',43,11),(2496,'2017-09-02 09:47:12.688000','390','Week 5  -  Ravens  @  Raiders',3,'',43,11),(2497,'2017-09-02 09:47:12.690000','389','Week 5  -  Seahawks  @  Rams',3,'',43,11),(2498,'2017-09-02 09:47:12.695000','388','Week 5  -  Jaguars  @  Steelers',3,'',43,11),(2499,'2017-09-02 09:47:12.699000','387','Week 5  -  Cardinals  @  Eagles',3,'',43,11),(2500,'2017-09-02 09:47:12.703000','386','Week 5  -  Chargers  @  Giants',3,'',43,11),(2501,'2017-09-02 09:47:12.711000','385','Week 5  -  Titans  @  Dolphins',3,'',43,11),(2502,'2017-09-02 09:47:12.716000','384','Week 5  -  49ers  @  Colts',3,'',43,11),(2503,'2017-09-02 09:47:12.721000','383','Week 5  -  Panthers  @  Lions',3,'',43,11),(2504,'2017-09-02 09:47:12.729000','382','Week 5  -  Jets  @  Browns',3,'',43,11),(2505,'2017-09-02 09:47:12.733000','381','Week 5  -  Bills  @  Bengals',3,'',43,11),(2506,'2017-09-02 09:47:12.737000','380','Week 5  -  Patriots  @  Buccaneers',3,'',43,11),(2507,'2017-09-02 09:47:12.745000','379','Week 4  -  Redskins  @  Chiefs',3,'',43,11),(2508,'2017-09-02 09:47:12.749000','378','Week 4  -  Colts  @  Seahawks',3,'',43,11),(2509,'2017-09-02 09:47:12.754000','377','Week 4  -  Raiders  @  Broncos',3,'',43,11),(2510,'2017-09-02 09:47:12.759000','376','Week 4  -  Giants  @  Buccaneers',3,'',43,11),(2511,'2017-09-02 09:47:12.763000','375','Week 4  -  Eagles  @  Chargers',3,'',43,11),(2512,'2017-09-02 09:47:12.768000','374','Week 4  -  49ers  @  Cardinals',3,'',43,11),(2513,'2017-09-02 09:47:12.774000','373','Week 4  -  Jaguars  @  Jets',3,'',43,11),(2514,'2017-09-02 09:47:12.778000','372','Week 4  -  Panthers  @  Patriots',3,'',43,11),(2515,'2017-09-02 09:47:12.787000','371','Week 4  -  Lions  @  Vikings',3,'',43,11),(2516,'2017-09-02 09:47:12.791000','370','Week 4  -  Titans  @  Texans',3,'',43,11),(2517,'2017-09-02 09:47:12.799000','369','Week 4  -  Rams  @  Cowboys',3,'',43,11),(2518,'2017-09-02 09:47:12.803000','368','Week 4  -  Bengals  @  Browns',3,'',43,11),(2519,'2017-09-02 09:47:12.808000','367','Week 4  -  Steelers  @  Ravens',3,'',43,11),(2520,'2017-09-02 09:47:12.811000','366','Week 4  -  Bills  @  Falcons',3,'',43,11),(2521,'2017-09-02 09:47:12.816000','365','Week 4  -  Saints  @  Dolphins',3,'',43,11),(2522,'2017-09-02 09:47:12.827000','364','Week 4  -  Bears  @  Packers',3,'',43,11),(2523,'2017-09-02 09:47:12.831000','363','Week 3  -  Cowboys  @  Cardinals',3,'',43,11),(2524,'2017-09-02 09:47:12.836000','362','Week 3  -  Raiders  @  Redskins',3,'',43,11),(2525,'2017-09-02 09:47:12.841000','361','Week 3  -  Chiefs  @  Chargers',3,'',43,11),(2526,'2017-09-02 09:47:12.846000','360','Week 3  -  Bengals  @  Packers',3,'',43,11),(2527,'2017-09-02 09:47:12.851000','359','Week 3  -  Seahawks  @  Titans',3,'',43,11),(2528,'2017-09-02 09:47:12.858000','358','Week 3  -  Giants  @  Eagles',3,'',43,11),(2529,'2017-09-02 09:47:12.866000','357','Week 3  -  Dolphins  @  Jets',3,'',43,11),(2530,'2017-09-02 09:47:12.871000','356','Week 3  -  Texans  @  Patriots',3,'',43,11),(2531,'2017-09-02 09:47:12.875000','355','Week 3  -  Buccaneers  @  Vikings',3,'',43,11),(2532,'2017-09-02 09:47:12.880000','354','Week 3  -  Browns  @  Colts',3,'',43,11),(2533,'2017-09-02 09:47:12.882000','353','Week 3  -  Falcons  @  Lions',3,'',43,11),(2534,'2017-09-02 09:47:12.887000','352','Week 3  -  Steelers  @  Bears',3,'',43,11),(2535,'2017-09-02 09:47:12.892000','351','Week 3  -  Saints  @  Panthers',3,'',43,11),(2536,'2017-09-02 09:47:12.896000','350','Week 3  -  Broncos  @  Bills',3,'',43,11),(2537,'2017-09-02 09:47:12.904000','349','Week 3  -  Ravens  @  Jaguars',3,'',43,11),(2538,'2017-09-02 09:47:12.910000','348','Week 3  -  Rams  @  49ers',3,'',43,11),(2539,'2017-09-02 09:47:12.915000','347','Week 2  -  Lions  @  Giants',3,'',43,11),(2540,'2017-09-02 09:47:12.921000','346','Week 2  -  Packers  @  Falcons',3,'',43,11),(2541,'2017-09-02 09:47:12.929000','345','Week 2  -  49ers  @  Seahawks',3,'',43,11),(2542,'2017-09-02 09:47:12.933000','344','Week 2  -  Redskins  @  Rams',3,'',43,11),(2543,'2017-09-02 09:47:12.937000','343','Week 2  -  Cowboys  @  Broncos',3,'',43,11),(2544,'2017-09-02 09:47:12.942000','342','Week 2  -  Jets  @  Raiders',3,'',43,11),(2545,'2017-09-02 09:47:12.951000','341','Week 2  -  Dolphins  @  Chargers',3,'',43,11),(2546,'2017-09-02 09:47:12.963000','340','Week 2  -  Bears  @  Buccaneers',3,'',43,11),(2547,'2017-09-02 09:47:12.971000','339','Week 2  -  Vikings  @  Steelers',3,'',43,11),(2548,'2017-09-02 09:47:12.984000','338','Week 2  -  Patriots  @  Saints',3,'',43,11),(2549,'2017-09-02 09:47:12.993000','337','Week 2  -  Eagles  @  Chiefs',3,'',43,11),(2550,'2017-09-02 09:47:13.003000','336','Week 2  -  Titans  @  Jaguars',3,'',43,11),(2551,'2017-09-02 09:47:13.013000','335','Week 2  -  Cardinals  @  Colts',3,'',43,11),(2552,'2017-09-02 09:47:13.022000','334','Week 2  -  Bills  @  Panthers',3,'',43,11),(2553,'2017-09-02 09:47:13.027000','333','Week 2  -  Browns  @  Ravens',3,'',43,11),(2554,'2017-09-02 09:47:13.031000','332','Week 2  -  Texans  @  Bengals',3,'',43,11),(2555,'2017-09-02 09:47:13.036000','331','Week 1  -  Chargers  @  Broncos',3,'',43,11),(2556,'2017-09-02 09:47:13.041000','330','Week 1  -  Saints  @  Vikings',3,'',43,11),(2557,'2017-09-02 09:47:13.051000','329','Week 1  -  Giants  @  Cowboys',3,'',43,11),(2558,'2017-09-02 09:47:13.058000','328','Week 1  -  Panthers  @  49ers',3,'',43,11),(2559,'2017-09-02 09:47:13.065000','327','Week 1  -  Seahawks  @  Packers',3,'',43,11),(2560,'2017-09-02 09:47:13.071000','326','Week 1  -  Colts  @  Rams',3,'',43,11),(2561,'2017-09-02 09:47:13.076000','325','Week 1  -  Eagles  @  Redskins',3,'',43,11),(2562,'2017-09-02 09:47:13.082000','324','Week 1  -  Raiders  @  Titans',3,'',43,11),(2563,'2017-09-02 09:47:13.086000','323','Week 1  -  Buccaneers  @  Dolphins',3,'',43,11),(2564,'2017-09-02 09:47:13.092000','322','Week 1  -  Jaguars  @  Texans',3,'',43,11),(2565,'2017-09-02 09:47:13.096000','321','Week 1  -  Cardinals  @  Lions',3,'',43,11),(2566,'2017-09-02 09:47:13.103000','320','Week 1  -  Steelers  @  Browns',3,'',43,11),(2567,'2017-09-02 09:47:13.107000','319','Week 1  -  Ravens  @  Bengals',3,'',43,11),(2568,'2017-09-02 09:47:13.111000','318','Week 1  -  Falcons  @  Bears',3,'',43,11),(2569,'2017-09-02 09:47:13.117000','317','Week 1  -  Jets  @  Bills',3,'',43,11),(2570,'2017-09-02 09:47:13.122000','316','Week 1  -  Chiefs  @  Patriots',3,'',43,11),(2571,'2017-09-02 09:47:13.128000','315','Week 1  -  Saints  @  Vikings',3,'',43,11),(2572,'2017-09-02 09:47:13.133000','314','Week 1  -  Giants  @  Cowboys',3,'',43,11),(2573,'2017-09-02 09:47:13.142000','313','Week 1  -  Panthers  @  49ers',3,'',43,11),(2574,'2017-09-02 09:47:13.150000','312','Week 1  -  Seahawks  @  Packers',3,'',43,11),(2575,'2017-09-02 09:47:13.154000','311','Week 1  -  Colts  @  Rams',3,'',43,11),(2576,'2017-09-02 09:47:13.158000','310','Week 1  -  Eagles  @  Redskins',3,'',43,11),(2577,'2017-09-02 09:47:13.163000','309','Week 1  -  Raiders  @  Titans',3,'',43,11),(2578,'2017-09-02 09:47:13.168000','308','Week 1  -  Buccaneers  @  Dolphins',3,'',43,11),(2579,'2017-09-02 09:47:13.172000','307','Week 1  -  Jaguars  @  Texans',3,'',43,11),(2580,'2017-09-02 09:47:13.177000','306','Week 1  -  Cardinals  @  Lions',3,'',43,11),(2581,'2017-09-02 09:47:13.182000','305','Week 1  -  Steelers  @  Browns',3,'',43,11),(2582,'2017-09-02 09:47:13.189000','304','Week 1  -  Ravens  @  Bengals',3,'',43,11),(2583,'2017-09-02 09:47:13.197000','303','Week 1  -  Falcons  @  Bears',3,'',43,11),(2584,'2017-09-02 09:47:13.202000','302','Week 1  -  Jets  @  Bills',3,'',43,11),(2585,'2017-09-02 09:47:13.206000','301','Week 1  -  Chiefs  @  Patriots',3,'',43,11),(2586,'2017-09-02 10:02:28.722000','1','PlayoffPick object',2,'[]',51,11),(2587,'2017-09-02 10:04:24.968000','1','PlayoffPick object',2,'[]',51,11),(2588,'2017-09-02 10:06:11.773000','2','PlayoffPick object',1,'[{\"added\": {}}]',51,11),(2589,'2017-09-02 10:06:15.926000','3','PlayoffPick object',1,'[{\"added\": {}}]',51,11),(2590,'2017-09-02 10:06:20.165000','4','PlayoffPick object',1,'[{\"added\": {}}]',51,11),(2591,'2017-09-09 09:39:02.335000','572','Week 1  -  Chiefs  @  Patriots',2,'[{\"changed\": {\"fields\": [\"away_score\", \"home_score\", \"changeable\"]}}]',43,11),(2592,'2017-09-09 09:39:35.148000','572','Week 1  -  Chiefs  @  Patriots',2,'[{\"changed\": {\"fields\": [\"changeable\"]}}]',43,11),(2593,'2017-09-09 09:40:00.756000','572','Week 1  -  Chiefs  @  Patriots',2,'[{\"changed\": {\"fields\": [\"changeable\"]}}]',43,11),(2594,'2017-09-09 10:20:14.804000','3082','conorspicer  -  Week 1  -  Chiefs  @  Patriots',2,'[{\"changed\": {\"fields\": [\"home_pick\", \"away_pick\"]}}]',44,11),(2595,'2017-09-09 10:20:57.355000','3338','torinmehmet  -  Week 1  -  Chiefs  @  Patriots',2,'[{\"changed\": {\"fields\": [\"home_pick\", \"away_pick\"]}}]',44,11),(2596,'2017-09-09 10:22:14.598000','3594','magnusmartinsen  -  Week 1  -  Chiefs  @  Patriots',2,'[{\"changed\": {\"fields\": [\"home_pick\", \"away_pick\"]}}]',44,11),(2597,'2017-09-09 10:23:58.075000','3850','lewismead  -  Week 1  -  Chiefs  @  Patriots',2,'[{\"changed\": {\"fields\": [\"home_pick\", \"away_pick\"]}}]',44,11),(2598,'2017-09-09 10:47:03.768000','579','Week 1  -  Buccaneers  @  Dolphins',2,'[{\"changed\": {\"fields\": [\"ko_datetime\"]}}]',43,11),(2599,'2017-09-10 07:48:22.054000','13','magnusmartinsen',2,'[{\"changed\": {\"fields\": [\"password\"]}}]',38,11),(2600,'2017-09-10 07:51:43.583000','12','torinmehmet',2,'[{\"changed\": {\"fields\": [\"password\"]}}]',38,11),(2601,'2017-09-10 07:51:59.679000','14','lewismead',2,'[{\"changed\": {\"fields\": [\"password\"]}}]',38,11),(2602,'2017-09-10 08:15:48.561000','579','Week 11  -  Buccaneers  @  Dolphins',2,'[{\"changed\": {\"fields\": [\"week\"]}}]',43,11),(2603,'2017-09-10 14:15:58.115000','579','Week 11  -  Buccaneers  @  Dolphins',2,'[{\"changed\": {\"fields\": [\"name\"]}}]',43,11),(2604,'2017-09-10 19:59:02.770000','574','Week 1  -  Falcons  @  Bears',2,'[{\"changed\": {\"fields\": [\"away_score\", \"home_score\"]}}]',43,11),(2605,'2017-09-10 20:01:02.359000','573','Week 1  -  Jets  @  Bills',2,'[{\"changed\": {\"fields\": [\"away_score\", \"home_score\"]}}]',43,11),(2606,'2017-09-10 20:01:39.487000','576','Week 1  -  Steelers  @  Browns',2,'[{\"changed\": {\"fields\": [\"away_score\", \"home_score\"]}}]',43,11),(2607,'2017-09-10 20:02:39.385000','580','Week 1  -  Raiders  @  Titans',2,'[{\"changed\": {\"fields\": [\"away_score\", \"home_score\"]}}]',43,11),(2608,'2017-09-10 20:03:47.295000','575','Week 1  -  Ravens  @  Bengals',2,'[{\"changed\": {\"fields\": [\"away_score\"]}}]',43,11),(2609,'2017-09-10 20:10:15.238000','581','Week 1  -  Eagles  @  Redskins',2,'[{\"changed\": {\"fields\": [\"away_score\", \"home_score\"]}}]',43,11),(2610,'2017-09-10 20:10:38.772000','578','Week 1  -  Jaguars  @  Texans',2,'[{\"changed\": {\"fields\": [\"away_score\", \"home_score\"]}}]',43,11),(2611,'2017-09-10 20:31:56.708000','577','Week 1  -  Cardinals  @  Lions',2,'[{\"changed\": {\"fields\": [\"away_score\", \"home_score\"]}}]',43,11),(2612,'2017-09-10 20:34:21.455000','577','Week 1  -  Cardinals  @  Lions',2,'[{\"changed\": {\"fields\": [\"away_score\", \"home_score\"]}}]',43,11),(2613,'2017-09-11 11:17:43.906000','582','Week 1  -  Colts  @  Rams',2,'[{\"changed\": {\"fields\": [\"away_score\", \"home_score\"]}}]',43,11),(2614,'2017-09-11 11:17:57.292000','583','Week 1  -  Seahawks  @  Packers',2,'[{\"changed\": {\"fields\": [\"away_score\", \"home_score\"]}}]',43,11),(2615,'2017-09-11 11:18:05.701000','584','Week 1  -  Panthers  @  49ers',2,'[{\"changed\": {\"fields\": [\"away_score\", \"home_score\"]}}]',43,11),(2616,'2017-09-11 11:19:03.189000','585','Week 1  -  Giants  @  Cowboys',2,'[{\"changed\": {\"fields\": [\"away_score\", \"home_score\"]}}]',43,11),(2617,'2017-09-12 07:42:45.297000','586','Week 1  -  Saints  @  Vikings',2,'[{\"changed\": {\"fields\": [\"away_score\", \"home_score\"]}}]',43,11),(2618,'2017-09-12 07:43:05.519000','587','Week 1  -  Chargers  @  Broncos',2,'[{\"changed\": {\"fields\": [\"away_score\", \"home_score\"]}}]',43,11),(2619,'2017-09-15 05:32:26.031000','588','Week 2  -  Texans  @  Bengals',2,'[{\"changed\": {\"fields\": [\"away_score\", \"home_score\"]}}]',43,11),(2620,'2017-09-17 19:57:55.338000','590','Week 2  -  Bills  @  Panthers',2,'[{\"changed\": {\"fields\": [\"away_score\", \"home_score\"]}}]',43,11),(2621,'2017-09-17 19:58:24.928000','596','Week 2  -  Bears  @  Buccaneers',2,'[{\"changed\": {\"fields\": [\"away_score\", \"home_score\"]}}]',43,11),(2622,'2017-09-17 20:05:56.364000','592','Week 2  -  Titans  @  Jaguars',2,'[{\"changed\": {\"fields\": [\"away_score\", \"home_score\"]}}]',43,11),(2623,'2017-09-17 20:10:28.231000','594','Week 2  -  Patriots  @  Saints',2,'[{\"changed\": {\"fields\": [\"away_score\", \"home_score\"]}}]',43,11),(2624,'2017-09-17 20:11:15.434000','593','Week 2  -  Eagles  @  Chiefs',2,'[{\"changed\": {\"fields\": [\"away_score\", \"home_score\"]}}]',43,11),(2625,'2017-09-17 20:15:25.199000','595','Week 2  -  Vikings  @  Steelers',2,'[{\"changed\": {\"fields\": [\"away_score\", \"home_score\"]}}]',43,11),(2626,'2017-09-17 20:17:11.726000','589','Week 2  -  Browns  @  Ravens',2,'[{\"changed\": {\"fields\": [\"away_score\", \"home_score\"]}}]',43,11),(2627,'2017-09-17 20:17:32.545000','591','Week 2  -  Cardinals  @  Colts',2,'[{\"changed\": {\"fields\": [\"away_score\", \"home_score\"]}}]',43,11),(2628,'2017-09-19 12:48:10.456000','599','Week 2  -  Cowboys  @  Broncos',2,'[{\"changed\": {\"fields\": [\"away_score\", \"home_score\"]}}]',43,11),(2629,'2017-09-19 12:48:22.550000','600','Week 2  -  Redskins  @  Rams',2,'[{\"changed\": {\"fields\": [\"away_score\", \"home_score\"]}}]',43,11),(2630,'2017-09-19 12:48:34.662000','601','Week 2  -  49ers  @  Seahawks',2,'[{\"changed\": {\"fields\": [\"away_score\", \"home_score\"]}}]',43,11),(2631,'2017-09-19 12:48:46.737000','602','Week 2  -  Packers  @  Falcons',2,'[{\"changed\": {\"fields\": [\"away_score\", \"home_score\"]}}]',43,11),(2632,'2017-09-19 12:49:13.924000','603','Week 2  -  Lions  @  Giants',2,'[{\"changed\": {\"fields\": [\"away_score\", \"home_score\"]}}]',43,11),(2633,'2017-09-19 12:56:20.132000','598','Week 2  -  Jets  @  Raiders',2,'[{\"changed\": {\"fields\": [\"away_score\", \"home_score\"]}}]',43,11),(2634,'2017-09-19 12:56:33.112000','597','Week 2  -  Dolphins  @  Chargers',2,'[{\"changed\": {\"fields\": [\"away_score\", \"home_score\"]}}]',43,11),(2635,'2017-09-22 08:56:25.240000','604','Week 3  -  Rams  @  49ers',2,'[{\"changed\": {\"fields\": [\"away_score\", \"home_score\"]}}]',43,11),(2636,'2017-09-24 09:11:30.081000','605','Week 3  -  Ravens  @  Jaguars',2,'[{\"changed\": {\"fields\": [\"ko_datetime\"]}}]',43,11),(2637,'2017-09-24 09:11:44.966000','621','Week 4  -  Saints  @  Dolphins',2,'[{\"changed\": {\"fields\": [\"ko_datetime\"]}}]',43,11),(2638,'2017-09-24 21:20:46.156000','605','Week 3  -  Ravens  @  Jaguars',2,'[{\"changed\": {\"fields\": [\"away_score\", \"home_score\"]}}]',43,11),(2639,'2017-09-24 21:21:03.214000','606','Week 3  -  Broncos  @  Bills',2,'[{\"changed\": {\"fields\": [\"away_score\", \"home_score\"]}}]',43,11),(2640,'2017-09-24 21:21:35.851000','607','Week 3  -  Saints  @  Panthers',2,'[{\"changed\": {\"fields\": [\"away_score\", \"home_score\"]}}]',43,11),(2641,'2017-09-24 21:21:58.102000','608','Week 3  -  Steelers  @  Bears',2,'[{\"changed\": {\"fields\": [\"away_score\", \"home_score\"]}}]',43,11),(2642,'2017-09-24 21:22:14.988000','609','Week 3  -  Falcons  @  Lions',2,'[{\"changed\": {\"fields\": [\"away_score\", \"home_score\"]}}]',43,11),(2643,'2017-09-24 21:22:26.411000','610','Week 3  -  Browns  @  Colts',2,'[{\"changed\": {\"fields\": [\"away_score\", \"home_score\"]}}]',43,11),(2644,'2017-09-24 21:22:40.524000','611','Week 3  -  Buccaneers  @  Vikings',2,'[{\"changed\": {\"fields\": [\"away_score\", \"home_score\"]}}]',43,11),(2645,'2017-09-24 21:22:53.580000','612','Week 3  -  Texans  @  Patriots',2,'[{\"changed\": {\"fields\": [\"away_score\", \"home_score\"]}}]',43,11),(2646,'2017-09-24 21:23:07.198000','613','Week 3  -  Dolphins  @  Jets',2,'[{\"changed\": {\"fields\": [\"away_score\", \"home_score\"]}}]',43,11),(2647,'2017-09-24 21:23:27.121000','614','Week 3  -  Giants  @  Eagles',2,'[{\"changed\": {\"fields\": [\"away_score\", \"home_score\"]}}]',43,11),(2648,'2017-09-25 07:02:15.739000','618','Week 3  -  Raiders  @  Redskins',2,'[{\"changed\": {\"fields\": [\"away_score\", \"home_score\"]}}]',43,11),(2649,'2017-09-25 07:02:29.118000','617','Week 3  -  Chiefs  @  Chargers',2,'[{\"changed\": {\"fields\": [\"away_score\", \"home_score\"]}}]',43,11),(2650,'2017-09-25 07:02:41.519000','616','Week 3  -  Bengals  @  Packers',2,'[{\"changed\": {\"fields\": [\"away_score\", \"home_score\"]}}]',43,11),(2651,'2017-09-25 07:02:56.313000','615','Week 3  -  Seahawks  @  Titans',2,'[{\"changed\": {\"fields\": [\"away_score\", \"home_score\"]}}]',43,11),(2652,'2017-09-26 18:55:06.963000','619','Week 3  -  Cowboys  @  Cardinals',2,'[{\"changed\": {\"fields\": [\"away_score\", \"home_score\"]}}]',43,11),(2653,'2017-09-27 21:11:03.001000','619','Week 3  -  Cowboys  @  Cardinals',2,'[{\"changed\": {\"fields\": [\"away_score\"]}}]',43,11),(2654,'2017-09-27 21:42:00.284000','572','Week 1  -  Chiefs  @  Patriots',2,'[{\"changed\": {\"fields\": [\"away_score\", \"home_score\"]}}]',43,11),(2655,'2017-09-29 09:44:49.264000','620','Week 4  -  Bears  @  Packers',2,'[{\"changed\": {\"fields\": [\"away_score\", \"home_score\"]}}]',43,11),(2656,'2017-10-01 19:21:38.909000','621','Week 4  -  Saints  @  Dolphins',2,'[{\"changed\": {\"fields\": [\"away_score\"]}}]',43,11),(2657,'2017-10-01 20:03:44.251000','628','Week 4  -  Panthers  @  Patriots',2,'[{\"changed\": {\"fields\": [\"away_score\", \"home_score\"]}}]',43,11),(2658,'2017-10-01 20:04:31.210000','626','Week 4  -  Titans  @  Texans',2,'[{\"changed\": {\"fields\": [\"away_score\", \"home_score\"]}}]',43,11),(2659,'2017-10-01 20:04:50.622000','624','Week 4  -  Bengals  @  Browns',2,'[{\"changed\": {\"fields\": [\"away_score\", \"home_score\"]}}]',43,11),(2660,'2017-10-01 20:05:16.048000','622','Week 4  -  Bills  @  Falcons',2,'[{\"changed\": {\"fields\": [\"away_score\", \"home_score\"]}}]',43,11),(2661,'2017-10-01 20:16:25.226000','627','Week 4  -  Lions  @  Vikings',2,'[{\"changed\": {\"fields\": [\"away_score\", \"home_score\"]}}]',43,11),(2662,'2017-10-01 20:19:26.015000','623','Week 4  -  Steelers  @  Ravens',2,'[{\"changed\": {\"fields\": [\"away_score\", \"home_score\"]}}]',43,11),(2663,'2017-10-01 20:22:04.364000','625','Week 4  -  Rams  @  Cowboys',2,'[{\"changed\": {\"fields\": [\"away_score\", \"home_score\"]}}]',43,11),(2664,'2017-10-01 20:36:44.591000','629','Week 4  -  Jaguars  @  Jets',2,'[{\"changed\": {\"fields\": [\"away_score\", \"home_score\"]}}]',43,11),(2665,'2017-10-01 20:40:11.582000','629','Week 4  -  Jaguars  @  Jets',2,'[]',43,11),(2666,'2017-10-03 08:05:53.844000','635','Week 4  -  Redskins  @  Chiefs',2,'[{\"changed\": {\"fields\": [\"away_score\", \"home_score\"]}}]',43,11),(2667,'2017-10-06 05:41:00.875000','636','Week 5  -  Patriots  @  Buccaneers',2,'[{\"changed\": {\"fields\": [\"away_score\", \"home_score\"]}}]',43,11),(2668,'2017-10-08 20:03:32.506000','643','Week 5  -  Cardinals  @  Eagles',2,'[{\"changed\": {\"fields\": [\"away_score\", \"home_score\"]}}]',43,11),(2669,'2017-10-08 20:03:56.407000','638','Week 5  -  Jets  @  Browns',2,'[{\"changed\": {\"fields\": [\"away_score\", \"home_score\"]}}]',43,11),(2670,'2017-10-08 20:04:10.651000','637','Week 5  -  Bills  @  Bengals',2,'[{\"changed\": {\"fields\": [\"away_score\", \"home_score\"]}}]',43,11),(2671,'2017-10-08 20:04:31.473000','644','Week 5  -  Jaguars  @  Steelers',2,'[{\"changed\": {\"fields\": [\"away_score\", \"home_score\"]}}]',43,11),(2672,'2017-10-08 20:14:59.513000','639','Week 5  -  Panthers  @  Lions',2,'[{\"changed\": {\"fields\": [\"away_score\", \"home_score\"]}}]',43,11),(2673,'2017-10-08 20:16:24.230000','641','Week 5  -  Titans  @  Dolphins',2,'[{\"changed\": {\"fields\": [\"away_score\", \"home_score\"]}}]',43,11),(2674,'2017-10-08 20:27:06.107000','642','Week 5  -  Chargers  @  Giants',2,'[{\"changed\": {\"fields\": [\"away_score\", \"home_score\"]}}]',43,11),(2675,'2017-10-08 20:35:25.764000','640','Week 5  -  49ers  @  Colts',2,'[{\"changed\": {\"fields\": [\"away_score\", \"home_score\"]}}]',43,11),(2676,'2017-10-09 17:27:20.569000','646','Week 5  -  Ravens  @  Raiders',2,'[{\"changed\": {\"fields\": [\"away_score\", \"home_score\"]}}]',43,11),(2677,'2017-10-09 17:27:31.469000','647','Week 5  -  Packers  @  Cowboys',2,'[{\"changed\": {\"fields\": [\"away_score\", \"home_score\"]}}]',43,11),(2678,'2017-10-09 17:28:12.474000','648','Week 5  -  Chiefs  @  Texans',2,'[{\"changed\": {\"fields\": [\"away_score\", \"home_score\"]}}]',43,11),(2679,'2017-10-09 17:28:24.368000','645','Week 5  -  Seahawks  @  Rams',2,'[{\"changed\": {\"fields\": [\"away_score\", \"home_score\"]}}]',43,11),(2680,'2017-10-10 21:17:39.591000','649','Week 5  -  Vikings  @  Bears',2,'[{\"changed\": {\"fields\": [\"away_score\", \"home_score\"]}}]',43,11),(2681,'2017-10-13 05:58:44.922000','650','Week 6  -  Eagles  @  Panthers',2,'[{\"changed\": {\"fields\": [\"away_score\", \"home_score\"]}}]',43,11),(2682,'2017-10-15 20:47:10.785000','651','Week 6  -  Dolphins  @  Falcons',2,'[{\"changed\": {\"fields\": [\"away_score\", \"home_score\"]}}]',43,11),(2683,'2017-10-15 20:47:31.599000','653','Week 6  -  Browns  @  Texans',2,'[{\"changed\": {\"fields\": [\"away_score\", \"home_score\"]}}]',43,11),(2684,'2017-10-15 20:47:52.274000','654','Week 6  -  Packers  @  Vikings',2,'[{\"changed\": {\"fields\": [\"away_score\", \"home_score\"]}}]',43,11),(2685,'2017-10-15 20:48:22.127000','656','Week 6  -  Patriots  @  Jets',2,'[{\"changed\": {\"fields\": [\"away_score\", \"home_score\"]}}]',43,11),(2686,'2017-10-15 20:48:41.448000','657','Week 6  -  49ers  @  Redskins',2,'[{\"changed\": {\"fields\": [\"away_score\", \"home_score\"]}}]',43,11),(2687,'2017-10-15 20:50:45.296000','655','Week 6  -  Lions  @  Saints',2,'[{\"changed\": {\"fields\": [\"away_score\", \"home_score\"]}}]',43,11),(2688,'2017-10-15 20:51:33.434000','652','Week 6  -  Bears  @  Ravens',2,'[{\"changed\": {\"fields\": [\"away_score\", \"home_score\"]}}]',43,11),(2689,'2017-10-16 08:43:52.107000','658','Week 6  -  Buccaneers  @  Cardinals',2,'[{\"changed\": {\"fields\": [\"away_score\", \"home_score\"]}}]',43,11),(2690,'2017-10-16 08:44:08.503000','659','Week 6  -  Rams  @  Jaguars',2,'[{\"changed\": {\"fields\": [\"away_score\", \"home_score\"]}}]',43,11),(2691,'2017-10-16 08:45:34.809000','660','Week 6  -  Steelers  @  Chiefs',2,'[{\"changed\": {\"fields\": [\"away_score\", \"home_score\"]}}]',43,11),(2692,'2017-10-16 08:45:46.566000','661','Week 6  -  Chargers  @  Raiders',2,'[{\"changed\": {\"fields\": [\"away_score\", \"home_score\"]}}]',43,11),(2693,'2017-10-16 08:46:29.085000','662','Week 6  -  Giants  @  Broncos',2,'[{\"changed\": {\"fields\": [\"away_score\", \"home_score\"]}}]',43,11),(2694,'2017-10-17 08:56:58.634223','663','Week 6  -  Colts  @  Titans',2,'[{\"changed\": {\"fields\": [\"away_score\", \"home_score\"]}}]',43,11),(2695,'2017-10-23 09:46:10.746949','665','Week 7  -  Buccaneers  @  Bills',2,'[{\"changed\": {\"fields\": [\"away_score\", \"home_score\"]}}]',43,11),(2696,'2017-10-23 09:46:21.034573','666','Week 7  -  Panthers  @  Bears',2,'[{\"changed\": {\"fields\": [\"away_score\", \"home_score\"]}}]',43,11),(2697,'2017-10-23 09:46:30.258179','667','Week 7  -  Titans  @  Browns',2,'[{\"changed\": {\"fields\": [\"away_score\", \"home_score\"]}}]',43,11),(2698,'2017-10-23 09:46:40.316999','668','Week 7  -  Saints  @  Packers',2,'[{\"changed\": {\"fields\": [\"away_score\", \"home_score\"]}}]',43,11),(2699,'2017-10-23 09:46:49.966137','669','Week 7  -  Jaguars  @  Colts',2,'[{\"changed\": {\"fields\": [\"away_score\"]}}]',43,11),(2700,'2017-10-23 09:47:08.262080','670','Week 7  -  Cardinals  @  Rams',2,'[{\"changed\": {\"fields\": [\"home_score\"]}}]',43,11),(2701,'2017-10-23 09:47:23.442491','671','Week 7  -  Jets  @  Dolphins',2,'[{\"changed\": {\"fields\": [\"away_score\", \"home_score\"]}}]',43,11),(2702,'2017-10-23 09:47:37.554665','672','Week 7  -  Ravens  @  Vikings',2,'[{\"changed\": {\"fields\": [\"away_score\", \"home_score\"]}}]',43,11),(2703,'2017-10-23 09:47:52.036891','673','Week 7  -  Bengals  @  Steelers',2,'[{\"changed\": {\"fields\": [\"away_score\", \"home_score\"]}}]',43,11),(2704,'2017-10-23 09:48:09.272163','674','Week 7  -  Cowboys  @  49ers',2,'[{\"changed\": {\"fields\": [\"away_score\", \"home_score\"]}}]',43,11),(2705,'2017-10-23 09:48:19.572367','675','Week 7  -  Broncos  @  Chargers',2,'[{\"changed\": {\"fields\": [\"home_score\"]}}]',43,11),(2706,'2017-10-23 09:48:32.722102','676','Week 7  -  Seahawks  @  Giants',2,'[{\"changed\": {\"fields\": [\"away_score\", \"home_score\"]}}]',43,11),(2707,'2017-10-23 09:48:45.666234','677','Week 7  -  Falcons  @  Patriots',2,'[{\"changed\": {\"fields\": [\"away_score\", \"home_score\"]}}]',43,11),(2708,'2017-10-23 09:54:44.044891','664','Week 7  -  Chiefs  @  Raiders',2,'[{\"changed\": {\"fields\": [\"away_score\", \"home_score\"]}}]',43,11);
/*!40000 ALTER TABLE `django_admin_log` ENABLE KEYS */;
UNLOCK TABLES;

--
-- Table structure for table `django_celery_beat_crontabschedule`
--

DROP TABLE IF EXISTS `django_celery_beat_crontabschedule`;
/*!40101 SET @saved_cs_client     = @@character_set_client */;
/*!40101 SET character_set_client = utf8 */;
CREATE TABLE `django_celery_beat_crontabschedule` (
  `id` int(11) NOT NULL AUTO_INCREMENT,
  `minute` varchar(64) NOT NULL,
  `hour` varchar(64) NOT NULL,
  `day_of_week` varchar(64) NOT NULL,
  `day_of_month` varchar(64) NOT NULL,
  `month_of_year` varchar(64) NOT NULL,
  PRIMARY KEY (`id`)
) ENGINE=InnoDB DEFAULT CHARSET=utf8;
/*!40101 SET character_set_client = @saved_cs_client */;

--
-- Dumping data for table `django_celery_beat_crontabschedule`
--

LOCK TABLES `django_celery_beat_crontabschedule` WRITE;
/*!40000 ALTER TABLE `django_celery_beat_crontabschedule` DISABLE KEYS */;
/*!40000 ALTER TABLE `django_celery_beat_crontabschedule` ENABLE KEYS */;
UNLOCK TABLES;

--
-- Table structure for table `django_celery_beat_intervalschedule`
--

DROP TABLE IF EXISTS `django_celery_beat_intervalschedule`;
/*!40101 SET @saved_cs_client     = @@character_set_client */;
/*!40101 SET character_set_client = utf8 */;
CREATE TABLE `django_celery_beat_intervalschedule` (
  `id` int(11) NOT NULL AUTO_INCREMENT,
  `every` int(11) NOT NULL,
  `period` varchar(24) NOT NULL,
  PRIMARY KEY (`id`)
) ENGINE=InnoDB DEFAULT CHARSET=utf8;
/*!40101 SET character_set_client = @saved_cs_client */;

--
-- Dumping data for table `django_celery_beat_intervalschedule`
--

LOCK TABLES `django_celery_beat_intervalschedule` WRITE;
/*!40000 ALTER TABLE `django_celery_beat_intervalschedule` DISABLE KEYS */;
/*!40000 ALTER TABLE `django_celery_beat_intervalschedule` ENABLE KEYS */;
UNLOCK TABLES;

--
-- Table structure for table `django_celery_beat_periodictask`
--

DROP TABLE IF EXISTS `django_celery_beat_periodictask`;
/*!40101 SET @saved_cs_client     = @@character_set_client */;
/*!40101 SET character_set_client = utf8 */;
CREATE TABLE `django_celery_beat_periodictask` (
  `id` int(11) NOT NULL AUTO_INCREMENT,
  `name` varchar(200) NOT NULL,
  `task` varchar(200) NOT NULL,
  `args` longtext NOT NULL,
  `kwargs` longtext NOT NULL,
  `queue` varchar(200) DEFAULT NULL,
  `exchange` varchar(200) DEFAULT NULL,
  `routing_key` varchar(200) DEFAULT NULL,
  `expires` datetime(6) DEFAULT NULL,
  `enabled` tinyint(1) NOT NULL,
  `last_run_at` datetime(6) DEFAULT NULL,
  `total_run_count` int(10) unsigned NOT NULL,
  `date_changed` datetime(6) NOT NULL,
  `description` longtext NOT NULL,
  `crontab_id` int(11) DEFAULT NULL,
  `interval_id` int(11) DEFAULT NULL,
  PRIMARY KEY (`id`),
  UNIQUE KEY `name` (`name`),
  KEY `django_celery_beat_p_crontab_id_d3cba168_fk_django_ce` (`crontab_id`),
  KEY `django_celery_beat_p_interval_id_a8ca27da_fk_django_ce` (`interval_id`),
  CONSTRAINT `django_celery_beat_p_crontab_id_d3cba168_fk_django_ce` FOREIGN KEY (`crontab_id`) REFERENCES `django_celery_beat_crontabschedule` (`id`),
  CONSTRAINT `django_celery_beat_p_interval_id_a8ca27da_fk_django_ce` FOREIGN KEY (`interval_id`) REFERENCES `django_celery_beat_intervalschedule` (`id`)
) ENGINE=InnoDB DEFAULT CHARSET=utf8;
/*!40101 SET character_set_client = @saved_cs_client */;

--
-- Dumping data for table `django_celery_beat_periodictask`
--

LOCK TABLES `django_celery_beat_periodictask` WRITE;
/*!40000 ALTER TABLE `django_celery_beat_periodictask` DISABLE KEYS */;
/*!40000 ALTER TABLE `django_celery_beat_periodictask` ENABLE KEYS */;
UNLOCK TABLES;

--
-- Table structure for table `django_celery_beat_periodictasks`
--

DROP TABLE IF EXISTS `django_celery_beat_periodictasks`;
/*!40101 SET @saved_cs_client     = @@character_set_client */;
/*!40101 SET character_set_client = utf8 */;
CREATE TABLE `django_celery_beat_periodictasks` (
  `ident` smallint(6) NOT NULL,
  `last_update` datetime(6) NOT NULL,
  PRIMARY KEY (`ident`)
) ENGINE=InnoDB DEFAULT CHARSET=utf8;
/*!40101 SET character_set_client = @saved_cs_client */;

--
-- Dumping data for table `django_celery_beat_periodictasks`
--

LOCK TABLES `django_celery_beat_periodictasks` WRITE;
/*!40000 ALTER TABLE `django_celery_beat_periodictasks` DISABLE KEYS */;
/*!40000 ALTER TABLE `django_celery_beat_periodictasks` ENABLE KEYS */;
UNLOCK TABLES;

--
-- Table structure for table `django_content_type`
--

DROP TABLE IF EXISTS `django_content_type`;
/*!40101 SET @saved_cs_client     = @@character_set_client */;
/*!40101 SET character_set_client = utf8 */;
CREATE TABLE `django_content_type` (
  `id` int(11) NOT NULL AUTO_INCREMENT,
  `app_label` varchar(100) NOT NULL,
  `model` varchar(100) NOT NULL,
  PRIMARY KEY (`id`),
  UNIQUE KEY `django_content_type_app_label_model_76bd3d3b_uniq` (`app_label`,`model`)
) ENGINE=InnoDB AUTO_INCREMENT=52 DEFAULT CHARSET=utf8;
/*!40101 SET character_set_client = @saved_cs_client */;

--
-- Dumping data for table `django_content_type`
--

LOCK TABLES `django_content_type` WRITE;
/*!40000 ALTER TABLE `django_content_type` DISABLE KEYS */;
INSERT INTO `django_content_type` VALUES (41,'accounts','user'),(35,'admin','logentry'),(37,'auth','group'),(36,'auth','permission'),(38,'auth','user'),(39,'contenttypes','contenttype'),(47,'django_celery_beat','crontabschedule'),(48,'django_celery_beat','intervalschedule'),(49,'django_celery_beat','periodictask'),(50,'django_celery_beat','periodictasks'),(43,'fixtures','fixture'),(42,'fixtures','team'),(44,'picks','pick'),(51,'playoff_teams','playoffpick'),(45,'results','usertotalresult'),(46,'results','userweekresult'),(40,'sessions','session');
/*!40000 ALTER TABLE `django_content_type` ENABLE KEYS */;
UNLOCK TABLES;

--
-- Table structure for table `django_migrations`
--

DROP TABLE IF EXISTS `django_migrations`;
/*!40101 SET @saved_cs_client     = @@character_set_client */;
/*!40101 SET character_set_client = utf8 */;
CREATE TABLE `django_migrations` (
  `id` int(11) NOT NULL AUTO_INCREMENT,
  `app` varchar(255) NOT NULL,
  `name` varchar(255) NOT NULL,
  `applied` datetime(6) NOT NULL,
  PRIMARY KEY (`id`)
) ENGINE=InnoDB AUTO_INCREMENT=20 DEFAULT CHARSET=utf8;
/*!40101 SET character_set_client = @saved_cs_client */;

--
-- Dumping data for table `django_migrations`
--

LOCK TABLES `django_migrations` WRITE;
/*!40000 ALTER TABLE `django_migrations` DISABLE KEYS */;
INSERT INTO `django_migrations` VALUES (1,'contenttypes','0001_initial','2017-10-16 14:17:44.420233'),(2,'auth','0001_initial','2017-10-16 14:18:05.824838'),(3,'admin','0001_initial','2017-10-16 14:18:12.084889'),(4,'admin','0002_logentry_remove_auto_add','2017-10-16 14:18:12.127348'),(5,'contenttypes','0002_remove_content_type_name','2017-10-16 14:18:12.254065'),(6,'auth','0002_alter_permission_name_max_length','2017-10-16 14:18:12.302948'),(7,'auth','0003_alter_user_email_max_length','2017-10-16 14:18:12.353556'),(8,'auth','0004_alter_user_username_opts','2017-10-16 14:18:12.374905'),(9,'auth','0005_alter_user_last_login_null','2017-10-16 14:18:12.438990'),(10,'auth','0006_require_contenttypes_0002','2017-10-16 14:18:12.446139'),(11,'auth','0007_alter_validators_add_error_messages','2017-10-16 14:18:12.463535'),(12,'auth','0008_alter_user_username_max_length','2017-10-16 14:18:12.518301'),(13,'django_celery_beat','0001_initial','2017-10-16 14:18:34.296902'),(14,'sessions','0001_initial','2017-10-16 14:18:36.697991'),(15,'accounts','0001_initial','2017-10-16 14:19:58.970222'),(16,'fixtures','0001_initial','2017-10-16 14:20:13.409970'),(17,'picks','0001_initial','2017-10-16 14:20:18.385185'),(18,'playoff_teams','0001_initial','2017-10-16 14:20:32.414413'),(19,'results','0001_initial','2017-10-16 14:20:36.654842');
/*!40000 ALTER TABLE `django_migrations` ENABLE KEYS */;
UNLOCK TABLES;

--
-- Table structure for table `django_session`
--

DROP TABLE IF EXISTS `django_session`;
/*!40101 SET @saved_cs_client     = @@character_set_client */;
/*!40101 SET character_set_client = utf8 */;
CREATE TABLE `django_session` (
  `session_key` varchar(40) NOT NULL,
  `session_data` longtext NOT NULL,
  `expire_date` datetime(6) NOT NULL,
  PRIMARY KEY (`session_key`),
  KEY `django_session_expire_date_a5c62663` (`expire_date`)
) ENGINE=InnoDB DEFAULT CHARSET=utf8;
/*!40101 SET character_set_client = @saved_cs_client */;

--
-- Dumping data for table `django_session`
--

LOCK TABLES `django_session` WRITE;
/*!40000 ALTER TABLE `django_session` DISABLE KEYS */;
INSERT INTO `django_session` VALUES ('2okfhse93nn1lyvgkg7abn5ex27xsczf','NDk5ZDBhNjExNjkyMDdjNGJiNWFjOTVlZjZkOThiNTFkOGUzY2YwYjp7Il9hdXRoX3VzZXJfaWQiOiIxNCIsIl9hdXRoX3VzZXJfYmFja2VuZCI6ImRqYW5nby5jb250cmliLmF1dGguYmFja2VuZHMuTW9kZWxCYWNrZW5kIiwiX2F1dGhfdXNlcl9oYXNoIjoiYjIxMWM1ZDY4NTQ2NDlkMzBkM2E0Y2U3MTY1MTQ3ZmM4YzBjYzMxNyJ9','2017-11-05 10:12:26.857806'),('2tba3834o7lst1mpmwx75iz4c4tfb4w6','ZWQyZmI4YzhjMzg4MGMyMGQ1MjVkOGNlMGMwOTE4ZGQxNjc0MTQxYjp7Il9hdXRoX3VzZXJfaWQiOiIxMyIsIl9hdXRoX3VzZXJfYmFja2VuZCI6ImRqYW5nby5jb250cmliLmF1dGguYmFja2VuZHMuTW9kZWxCYWNrZW5kIiwiX2F1dGhfdXNlcl9oYXNoIjoiYzk4NjY0NzllMDBlOWIwYTM0YTRjMTk0Njc0Nzc3MGJjMzM1M2RjMSJ9','2017-10-29 14:37:45.198000'),('78gzk0r37g2c2exjtklwq0x7gc55aqlx','NDk5ZDBhNjExNjkyMDdjNGJiNWFjOTVlZjZkOThiNTFkOGUzY2YwYjp7Il9hdXRoX3VzZXJfaWQiOiIxNCIsIl9hdXRoX3VzZXJfYmFja2VuZCI6ImRqYW5nby5jb250cmliLmF1dGguYmFja2VuZHMuTW9kZWxCYWNrZW5kIiwiX2F1dGhfdXNlcl9oYXNoIjoiYjIxMWM1ZDY4NTQ2NDlkMzBkM2E0Y2U3MTY1MTQ3ZmM4YzBjYzMxNyJ9','2017-10-08 09:01:35.580000'),('8jb6ktxk07gmgw1zbkt5wkv3fujc4oo3','NDk5ZDBhNjExNjkyMDdjNGJiNWFjOTVlZjZkOThiNTFkOGUzY2YwYjp7Il9hdXRoX3VzZXJfaWQiOiIxNCIsIl9hdXRoX3VzZXJfYmFja2VuZCI6ImRqYW5nby5jb250cmliLmF1dGguYmFja2VuZHMuTW9kZWxCYWNrZW5kIiwiX2F1dGhfdXNlcl9oYXNoIjoiYjIxMWM1ZDY4NTQ2NDlkMzBkM2E0Y2U3MTY1MTQ3ZmM4YzBjYzMxNyJ9','2017-10-22 11:23:01.599000'),('8t6p2jno0nssagss0mkkfkmalnrl5z88','MjBlNzk5NjgzNzVjNzFjNGQ3M2JmOGVjNzczNzE3MjkyNGYzNmU0NTp7Il9hdXRoX3VzZXJfaWQiOiIxMiIsIl9hdXRoX3VzZXJfYmFja2VuZCI6ImRqYW5nby5jb250cmliLmF1dGguYmFja2VuZHMuTW9kZWxCYWNrZW5kIiwiX2F1dGhfdXNlcl9oYXNoIjoiYWJjOGQwMmM0YTZjODg2YjBiMDU3ZjdiYWM1ZjljNTMxZDg3YzZlNyJ9','2017-09-28 09:45:53.803000'),('9dshyce3esmsdr1yza3anqhynnlly2gx','NzYyODdjNWIzNDk3YTcyNjFiMzI4YmJmNTVhMjAwOTdlMDM0OGE2MTp7Il9hdXRoX3VzZXJfaWQiOiIxMSIsIl9hdXRoX3VzZXJfYmFja2VuZCI6ImRqYW5nby5jb250cmliLmF1dGguYmFja2VuZHMuTW9kZWxCYWNrZW5kIiwiX2F1dGhfdXNlcl9oYXNoIjoiZTA3ZmVlN2E3NjI3ZTY5OWYxMWYwN2EzOGRiOTI3NWVkMDM3Y2RjYiJ9','2017-10-01 16:39:01.885000'),('9y8dcl956ti7tnvcf0djymcpmjkhfp3c','NzYyODdjNWIzNDk3YTcyNjFiMzI4YmJmNTVhMjAwOTdlMDM0OGE2MTp7Il9hdXRoX3VzZXJfaWQiOiIxMSIsIl9hdXRoX3VzZXJfYmFja2VuZCI6ImRqYW5nby5jb250cmliLmF1dGguYmFja2VuZHMuTW9kZWxCYWNrZW5kIiwiX2F1dGhfdXNlcl9oYXNoIjoiZTA3ZmVlN2E3NjI3ZTY5OWYxMWYwN2EzOGRiOTI3NWVkMDM3Y2RjYiJ9','2017-09-24 16:02:28.796000'),('bns341jc3ybcb8ksefgm0bvzxmuoeiol','MjBlNzk5NjgzNzVjNzFjNGQ3M2JmOGVjNzczNzE3MjkyNGYzNmU0NTp7Il9hdXRoX3VzZXJfaWQiOiIxMiIsIl9hdXRoX3VzZXJfYmFja2VuZCI6ImRqYW5nby5jb250cmliLmF1dGguYmFja2VuZHMuTW9kZWxCYWNrZW5kIiwiX2F1dGhfdXNlcl9oYXNoIjoiYWJjOGQwMmM0YTZjODg2YjBiMDU3ZjdiYWM1ZjljNTMxZDg3YzZlNyJ9','2017-10-12 08:34:17.005000'),('cnwewuu1i401l2haikfbu5d902ffrwbo','MjBlNzk5NjgzNzVjNzFjNGQ3M2JmOGVjNzczNzE3MjkyNGYzNmU0NTp7Il9hdXRoX3VzZXJfaWQiOiIxMiIsIl9hdXRoX3VzZXJfYmFja2VuZCI6ImRqYW5nby5jb250cmliLmF1dGguYmFja2VuZHMuTW9kZWxCYWNrZW5kIiwiX2F1dGhfdXNlcl9oYXNoIjoiYWJjOGQwMmM0YTZjODg2YjBiMDU3ZjdiYWM1ZjljNTMxZDg3YzZlNyJ9','2017-10-10 14:01:51.034000'),('ekl2942x9rrbdmhaivwglac8cib7218v','NzYyODdjNWIzNDk3YTcyNjFiMzI4YmJmNTVhMjAwOTdlMDM0OGE2MTp7Il9hdXRoX3VzZXJfaWQiOiIxMSIsIl9hdXRoX3VzZXJfYmFja2VuZCI6ImRqYW5nby5jb250cmliLmF1dGguYmFja2VuZHMuTW9kZWxCYWNrZW5kIiwiX2F1dGhfdXNlcl9oYXNoIjoiZTA3ZmVlN2E3NjI3ZTY5OWYxMWYwN2EzOGRiOTI3NWVkMDM3Y2RjYiJ9','2017-07-30 10:28:12.254000'),('jnh0hk1smmbgsivqlbxybnvwxja733hn','MjBlNzk5NjgzNzVjNzFjNGQ3M2JmOGVjNzczNzE3MjkyNGYzNmU0NTp7Il9hdXRoX3VzZXJfaWQiOiIxMiIsIl9hdXRoX3VzZXJfYmFja2VuZCI6ImRqYW5nby5jb250cmliLmF1dGguYmFja2VuZHMuTW9kZWxCYWNrZW5kIiwiX2F1dGhfdXNlcl9oYXNoIjoiYWJjOGQwMmM0YTZjODg2YjBiMDU3ZjdiYWM1ZjljNTMxZDg3YzZlNyJ9','2017-10-26 11:10:48.745000'),('k41gvrllv9qr6tmqgoz8993w9k1yd6y9','NDk5ZDBhNjExNjkyMDdjNGJiNWFjOTVlZjZkOThiNTFkOGUzY2YwYjp7Il9hdXRoX3VzZXJfaWQiOiIxNCIsIl9hdXRoX3VzZXJfYmFja2VuZCI6ImRqYW5nby5jb250cmliLmF1dGguYmFja2VuZHMuTW9kZWxCYWNrZW5kIiwiX2F1dGhfdXNlcl9oYXNoIjoiYjIxMWM1ZDY4NTQ2NDlkMzBkM2E0Y2U3MTY1MTQ3ZmM4YzBjYzMxNyJ9','2017-09-28 20:55:28.497000'),('k5gvmv5gmfy7cflcn5w264j5yzpiuk4j','NzYyODdjNWIzNDk3YTcyNjFiMzI4YmJmNTVhMjAwOTdlMDM0OGE2MTp7Il9hdXRoX3VzZXJfaWQiOiIxMSIsIl9hdXRoX3VzZXJfYmFja2VuZCI6ImRqYW5nby5jb250cmliLmF1dGguYmFja2VuZHMuTW9kZWxCYWNrZW5kIiwiX2F1dGhfdXNlcl9oYXNoIjoiZTA3ZmVlN2E3NjI3ZTY5OWYxMWYwN2EzOGRiOTI3NWVkMDM3Y2RjYiJ9','2017-10-01 19:56:23.769000'),('kp9m7a1tifui7vnfruxivu5ayoyphfpu','NDk5ZDBhNjExNjkyMDdjNGJiNWFjOTVlZjZkOThiNTFkOGUzY2YwYjp7Il9hdXRoX3VzZXJfaWQiOiIxNCIsIl9hdXRoX3VzZXJfYmFja2VuZCI6ImRqYW5nby5jb250cmliLmF1dGguYmFja2VuZHMuTW9kZWxCYWNrZW5kIiwiX2F1dGhfdXNlcl9oYXNoIjoiYjIxMWM1ZDY4NTQ2NDlkMzBkM2E0Y2U3MTY1MTQ3ZmM4YzBjYzMxNyJ9','2017-09-24 08:11:23.257000'),('l285k4j1e8cm9ax7ylxfecgt8yhmqpbr','NzYyODdjNWIzNDk3YTcyNjFiMzI4YmJmNTVhMjAwOTdlMDM0OGE2MTp7Il9hdXRoX3VzZXJfaWQiOiIxMSIsIl9hdXRoX3VzZXJfYmFja2VuZCI6ImRqYW5nby5jb250cmliLmF1dGguYmFja2VuZHMuTW9kZWxCYWNrZW5kIiwiX2F1dGhfdXNlcl9oYXNoIjoiZTA3ZmVlN2E3NjI3ZTY5OWYxMWYwN2EzOGRiOTI3NWVkMDM3Y2RjYiJ9','2017-11-04 15:27:15.742039'),('l5au71k1hb09est949qfmgzzi0dntr1j','ZWQyZmI4YzhjMzg4MGMyMGQ1MjVkOGNlMGMwOTE4ZGQxNjc0MTQxYjp7Il9hdXRoX3VzZXJfaWQiOiIxMyIsIl9hdXRoX3VzZXJfYmFja2VuZCI6ImRqYW5nby5jb250cmliLmF1dGguYmFja2VuZHMuTW9kZWxCYWNrZW5kIiwiX2F1dGhfdXNlcl9oYXNoIjoiYzk4NjY0NzllMDBlOWIwYTM0YTRjMTk0Njc0Nzc3MGJjMzM1M2RjMSJ9','2017-10-14 22:07:35.672000'),('lmzi9a2d8j804pmquagkcilk4hc50hk1','NzYyODdjNWIzNDk3YTcyNjFiMzI4YmJmNTVhMjAwOTdlMDM0OGE2MTp7Il9hdXRoX3VzZXJfaWQiOiIxMSIsIl9hdXRoX3VzZXJfYmFja2VuZCI6ImRqYW5nby5jb250cmliLmF1dGguYmFja2VuZHMuTW9kZWxCYWNrZW5kIiwiX2F1dGhfdXNlcl9oYXNoIjoiZTA3ZmVlN2E3NjI3ZTY5OWYxMWYwN2EzOGRiOTI3NWVkMDM3Y2RjYiJ9','2017-11-04 09:59:51.327357'),('m4iybttzdqtn0hbws48zw4i28rzndmal','NzYyODdjNWIzNDk3YTcyNjFiMzI4YmJmNTVhMjAwOTdlMDM0OGE2MTp7Il9hdXRoX3VzZXJfaWQiOiIxMSIsIl9hdXRoX3VzZXJfYmFja2VuZCI6ImRqYW5nby5jb250cmliLmF1dGguYmFja2VuZHMuTW9kZWxCYWNrZW5kIiwiX2F1dGhfdXNlcl9oYXNoIjoiZTA3ZmVlN2E3NjI3ZTY5OWYxMWYwN2EzOGRiOTI3NWVkMDM3Y2RjYiJ9','2017-10-22 09:56:03.303000'),('mq0183hvc4t8v3kbsyfzpw2nn4ljc1qh','NzYyODdjNWIzNDk3YTcyNjFiMzI4YmJmNTVhMjAwOTdlMDM0OGE2MTp7Il9hdXRoX3VzZXJfaWQiOiIxMSIsIl9hdXRoX3VzZXJfYmFja2VuZCI6ImRqYW5nby5jb250cmliLmF1dGguYmFja2VuZHMuTW9kZWxCYWNrZW5kIiwiX2F1dGhfdXNlcl9oYXNoIjoiZTA3ZmVlN2E3NjI3ZTY5OWYxMWYwN2EzOGRiOTI3NWVkMDM3Y2RjYiJ9','2017-10-08 17:51:39.913000'),('muczutnsmnmoq2bmcfwrt8ryvpb9mjdn','NzYyODdjNWIzNDk3YTcyNjFiMzI4YmJmNTVhMjAwOTdlMDM0OGE2MTp7Il9hdXRoX3VzZXJfaWQiOiIxMSIsIl9hdXRoX3VzZXJfYmFja2VuZCI6ImRqYW5nby5jb250cmliLmF1dGguYmFja2VuZHMuTW9kZWxCYWNrZW5kIiwiX2F1dGhfdXNlcl9oYXNoIjoiZTA3ZmVlN2E3NjI3ZTY5OWYxMWYwN2EzOGRiOTI3NWVkMDM3Y2RjYiJ9','2017-09-24 07:51:59.741000'),('of3fk8hyo1g4qlm0rs62shbjo9iljv3h','ZWQyZmI4YzhjMzg4MGMyMGQ1MjVkOGNlMGMwOTE4ZGQxNjc0MTQxYjp7Il9hdXRoX3VzZXJfaWQiOiIxMyIsIl9hdXRoX3VzZXJfYmFja2VuZCI6ImRqYW5nby5jb250cmliLmF1dGguYmFja2VuZHMuTW9kZWxCYWNrZW5kIiwiX2F1dGhfdXNlcl9oYXNoIjoiYzk4NjY0NzllMDBlOWIwYTM0YTRjMTk0Njc0Nzc3MGJjMzM1M2RjMSJ9','2017-10-01 11:30:18.425000'),('oo5jxgay676hemjzkaa6pqhydqnjalrs','NzYyODdjNWIzNDk3YTcyNjFiMzI4YmJmNTVhMjAwOTdlMDM0OGE2MTp7Il9hdXRoX3VzZXJfaWQiOiIxMSIsIl9hdXRoX3VzZXJfYmFja2VuZCI6ImRqYW5nby5jb250cmliLmF1dGguYmFja2VuZHMuTW9kZWxCYWNrZW5kIiwiX2F1dGhfdXNlcl9oYXNoIjoiZTA3ZmVlN2E3NjI3ZTY5OWYxMWYwN2EzOGRiOTI3NWVkMDM3Y2RjYiJ9','2017-09-24 19:58:10.650000'),('p81ucu757j2j5fthvj71ij4kwiynpquh','NDk5ZDBhNjExNjkyMDdjNGJiNWFjOTVlZjZkOThiNTFkOGUzY2YwYjp7Il9hdXRoX3VzZXJfaWQiOiIxNCIsIl9hdXRoX3VzZXJfYmFja2VuZCI6ImRqYW5nby5jb250cmliLmF1dGguYmFja2VuZHMuTW9kZWxCYWNrZW5kIiwiX2F1dGhfdXNlcl9oYXNoIjoiYjIxMWM1ZDY4NTQ2NDlkMzBkM2E0Y2U3MTY1MTQ3ZmM4YzBjYzMxNyJ9','2017-11-05 18:25:46.542139'),('qzwgg6mugc09n9m0twd3n29n2v08spwl','NzYyODdjNWIzNDk3YTcyNjFiMzI4YmJmNTVhMjAwOTdlMDM0OGE2MTp7Il9hdXRoX3VzZXJfaWQiOiIxMSIsIl9hdXRoX3VzZXJfYmFja2VuZCI6ImRqYW5nby5jb250cmliLmF1dGguYmFja2VuZHMuTW9kZWxCYWNrZW5kIiwiX2F1dGhfdXNlcl9oYXNoIjoiZTA3ZmVlN2E3NjI3ZTY5OWYxMWYwN2EzOGRiOTI3NWVkMDM3Y2RjYiJ9','2017-10-31 08:56:27.397354'),('rs933lfuaj7rok1jpoecosxfge6xmg85','NzYyODdjNWIzNDk3YTcyNjFiMzI4YmJmNTVhMjAwOTdlMDM0OGE2MTp7Il9hdXRoX3VzZXJfaWQiOiIxMSIsIl9hdXRoX3VzZXJfYmFja2VuZCI6ImRqYW5nby5jb250cmliLmF1dGguYmFja2VuZHMuTW9kZWxCYWNrZW5kIiwiX2F1dGhfdXNlcl9oYXNoIjoiZTA3ZmVlN2E3NjI3ZTY5OWYxMWYwN2EzOGRiOTI3NWVkMDM3Y2RjYiJ9','2017-10-22 19:04:02.030000'),('s6jnd2zdzvcve23bmmf696zp9fmmrzvn','NzYyODdjNWIzNDk3YTcyNjFiMzI4YmJmNTVhMjAwOTdlMDM0OGE2MTp7Il9hdXRoX3VzZXJfaWQiOiIxMSIsIl9hdXRoX3VzZXJfYmFja2VuZCI6ImRqYW5nby5jb250cmliLmF1dGguYmFja2VuZHMuTW9kZWxCYWNrZW5kIiwiX2F1dGhfdXNlcl9oYXNoIjoiZTA3ZmVlN2E3NjI3ZTY5OWYxMWYwN2EzOGRiOTI3NWVkMDM3Y2RjYiJ9','2017-10-20 05:40:30.639000'),('tmdltlv5nkx2k806rrd2r5p2saqr3anh','NzYyODdjNWIzNDk3YTcyNjFiMzI4YmJmNTVhMjAwOTdlMDM0OGE2MTp7Il9hdXRoX3VzZXJfaWQiOiIxMSIsIl9hdXRoX3VzZXJfYmFja2VuZCI6ImRqYW5nby5jb250cmliLmF1dGguYmFja2VuZHMuTW9kZWxCYWNrZW5kIiwiX2F1dGhfdXNlcl9oYXNoIjoiZTA3ZmVlN2E3NjI3ZTY5OWYxMWYwN2EzOGRiOTI3NWVkMDM3Y2RjYiJ9','2017-07-18 19:58:10.379000'),('vzjv3iot81tc8rlktt1bo6kn8wa8h5lb','MjBlNzk5NjgzNzVjNzFjNGQ3M2JmOGVjNzczNzE3MjkyNGYzNmU0NTp7Il9hdXRoX3VzZXJfaWQiOiIxMiIsIl9hdXRoX3VzZXJfYmFja2VuZCI6ImRqYW5nby5jb250cmliLmF1dGguYmFja2VuZHMuTW9kZWxCYWNrZW5kIiwiX2F1dGhfdXNlcl9oYXNoIjoiYWJjOGQwMmM0YTZjODg2YjBiMDU3ZjdiYWM1ZjljNTMxZDg3YzZlNyJ9','2017-09-24 16:28:47.339000'),('wmex0pfaz3dafayjcec06w774kr9i7yy','MjBlNzk5NjgzNzVjNzFjNGQ3M2JmOGVjNzczNzE3MjkyNGYzNmU0NTp7Il9hdXRoX3VzZXJfaWQiOiIxMiIsIl9hdXRoX3VzZXJfYmFja2VuZCI6ImRqYW5nby5jb250cmliLmF1dGguYmFja2VuZHMuTW9kZWxCYWNrZW5kIiwiX2F1dGhfdXNlcl9oYXNoIjoiYWJjOGQwMmM0YTZjODg2YjBiMDU3ZjdiYWM1ZjljNTMxZDg3YzZlNyJ9','2017-10-12 08:19:51.791000'),('xo6bu41grr8c179742obcn46v4gjx9w2','NzYyODdjNWIzNDk3YTcyNjFiMzI4YmJmNTVhMjAwOTdlMDM0OGE2MTp7Il9hdXRoX3VzZXJfaWQiOiIxMSIsIl9hdXRoX3VzZXJfYmFja2VuZCI6ImRqYW5nby5jb250cmliLmF1dGguYmFja2VuZHMuTW9kZWxCYWNrZW5kIiwiX2F1dGhfdXNlcl9oYXNoIjoiZTA3ZmVlN2E3NjI3ZTY5OWYxMWYwN2EzOGRiOTI3NWVkMDM3Y2RjYiJ9','2017-09-16 10:20:33.362000'),('zhc2kpfrom63iwf3vkrpmm33w7d372mv','MjBlNzk5NjgzNzVjNzFjNGQ3M2JmOGVjNzczNzE3MjkyNGYzNmU0NTp7Il9hdXRoX3VzZXJfaWQiOiIxMiIsIl9hdXRoX3VzZXJfYmFja2VuZCI6ImRqYW5nby5jb250cmliLmF1dGguYmFja2VuZHMuTW9kZWxCYWNrZW5kIiwiX2F1dGhfdXNlcl9oYXNoIjoiYWJjOGQwMmM0YTZjODg2YjBiMDU3ZjdiYWM1ZjljNTMxZDg3YzZlNyJ9','2017-09-26 12:03:33.915000');
/*!40000 ALTER TABLE `django_session` ENABLE KEYS */;
UNLOCK TABLES;

--
-- Table structure for table `fixtures_fixture`
--

DROP TABLE IF EXISTS `fixtures_fixture`;
/*!40101 SET @saved_cs_client     = @@character_set_client */;
/*!40101 SET character_set_client = utf8 */;
CREATE TABLE `fixtures_fixture` (
  `id` int(11) NOT NULL AUTO_INCREMENT,
  `name` varchar(56) NOT NULL,
  `away_score` int(10) unsigned NOT NULL,
  `home_score` int(10) unsigned NOT NULL,
  `week` int(10) unsigned NOT NULL,
  `ko_datetime` datetime(6) DEFAULT NULL,
  `changeable` tinyint(1) NOT NULL,
  `away_team_id` int(11) DEFAULT NULL,
  `home_team_id` int(11) DEFAULT NULL,
  PRIMARY KEY (`id`),
  KEY `fixtures_fixture_away_team_id_ce91af7d_fk_fixtures_team_id` (`away_team_id`),
  KEY `fixtures_fixture_home_team_id_8df2e2b9_fk_fixtures_team_id` (`home_team_id`),
  CONSTRAINT `fixtures_fixture_away_team_id_ce91af7d_fk_fixtures_team_id` FOREIGN KEY (`away_team_id`) REFERENCES `fixtures_team` (`id`),
  CONSTRAINT `fixtures_fixture_home_team_id_8df2e2b9_fk_fixtures_team_id` FOREIGN KEY (`home_team_id`) REFERENCES `fixtures_team` (`id`)
) ENGINE=InnoDB AUTO_INCREMENT=828 DEFAULT CHARSET=utf8;
/*!40101 SET character_set_client = @saved_cs_client */;

--
-- Dumping data for table `fixtures_fixture`
--

LOCK TABLES `fixtures_fixture` WRITE;
/*!40000 ALTER TABLE `fixtures_fixture` DISABLE KEYS */;
INSERT INTO `fixtures_fixture` VALUES (572,'57234',42,27,1,'2017-09-07 20:30:00.000000',0,52,56),(573,'57235',12,21,1,'2017-09-10 13:00:00.000000',1,59,40),(574,'57236',23,17,1,'2017-09-10 13:00:00.000000',1,38,42),(575,'57237',20,0,1,'2017-09-10 13:00:00.000000',1,39,43),(576,'57238',21,18,1,'2017-09-10 13:00:00.000000',1,62,44),(577,'57239',23,35,1,'2017-09-10 13:00:00.000000',1,37,47),(578,'57240',29,7,1,'2017-09-10 13:00:00.000000',1,51,49),(579,'57383a',0,0,11,'2017-11-19 13:00:00.000000',1,66,54),(580,'57242',26,16,1,'2017-09-10 13:00:00.000000',1,60,67),(581,'57243',30,17,1,'2017-09-10 13:00:00.000000',1,61,68),(582,'57244',9,46,1,'2017-09-10 16:05:00.000000',1,50,53),(583,'57245',9,17,1,'2017-09-10 16:25:00.000000',1,64,48),(584,'57246',23,3,1,'2017-09-10 16:25:00.000000',1,41,65),(585,'57247',3,19,1,'2017-09-10 20:30:00.000000',1,58,45),(586,'57248',19,29,1,'2017-09-11 19:10:00.000000',1,57,55),(587,'57249',21,24,1,'2017-09-11 22:20:00.000000',1,63,46),(588,'57250',13,9,2,'2017-09-14 20:25:00.000000',1,49,43),(589,'57251',10,24,2,'2017-09-17 13:00:00.000000',1,44,39),(590,'57252',3,9,2,'2017-09-17 13:00:00.000000',1,40,41),(591,'57253',16,13,2,'2017-09-17 13:00:00.000000',1,37,50),(592,'57254',37,16,2,'2017-09-17 13:00:00.000000',1,67,51),(593,'57255',20,27,2,'2017-09-17 13:00:00.000000',1,61,52),(594,'57256',36,20,2,'2017-09-17 13:00:00.000000',1,56,57),(595,'57257',9,26,2,'2017-09-17 13:00:00.000000',1,55,62),(596,'57258',7,29,2,'2017-09-17 13:00:00.000000',1,42,66),(597,'57259',19,17,2,'2017-09-17 16:05:00.000000',1,54,63),(598,'57260',20,45,2,'2017-09-17 16:05:00.000000',1,59,60),(599,'57261',17,42,2,'2017-09-17 16:25:00.000000',1,45,46),(600,'57262',27,20,2,'2017-09-17 16:25:00.000000',1,68,53),(601,'57263',9,12,2,'2017-09-17 16:25:00.000000',1,65,64),(602,'57264',23,34,2,'2017-09-17 20:30:00.000000',1,48,38),(603,'57265',24,10,2,'2017-09-18 20:30:00.000000',1,47,58),(604,'57266',41,39,3,'2017-09-21 20:25:00.000000',1,53,65),(605,'57267',7,44,3,'2017-09-24 09:30:00.000000',1,39,51),(606,'57268',16,26,3,'2017-09-24 13:00:00.000000',1,46,40),(607,'57269',34,13,3,'2017-09-24 13:00:00.000000',1,57,41),(608,'57270',17,23,3,'2017-09-24 13:00:00.000000',1,62,42),(609,'57271',30,26,3,'2017-09-24 13:00:00.000000',1,38,47),(610,'57272',28,31,3,'2017-09-24 13:00:00.000000',1,44,50),(611,'57273',17,34,3,'2017-09-24 13:00:00.000000',1,66,55),(612,'57274',33,36,3,'2017-09-24 13:00:00.000000',1,49,56),(613,'57275',6,20,3,'2017-09-24 13:00:00.000000',1,54,59),(614,'57276',24,27,3,'2017-09-24 13:00:00.000000',1,58,61),(615,'57277',27,33,3,'2017-09-24 16:05:00.000000',1,64,67),(616,'57278',24,27,3,'2017-09-24 16:25:00.000000',1,43,48),(617,'57279',24,10,3,'2017-09-24 16:25:00.000000',1,52,63),(618,'57280',10,27,3,'2017-09-24 20:30:00.000000',1,60,68),(619,'57281',28,17,3,'2017-09-25 20:30:00.000000',1,45,37),(620,'57282',14,35,4,'2017-09-28 20:25:00.000000',1,42,48),(621,'57283',20,0,4,'2017-10-01 09:30:00.000000',1,57,54),(622,'57284',23,17,4,'2017-10-01 13:00:00.000000',1,40,38),(623,'57285',26,9,4,'2017-10-01 13:00:00.000000',1,62,39),(624,'57286',31,7,4,'2017-10-01 13:00:00.000000',1,43,44),(625,'57287',35,30,4,'2017-10-01 13:00:00.000000',1,53,45),(626,'57288',14,57,4,'2017-10-01 13:00:00.000000',1,67,49),(627,'57289',14,7,4,'2017-10-01 13:00:00.000000',1,47,55),(628,'57290',33,30,4,'2017-10-01 13:00:00.000000',1,41,56),(629,'57291',20,23,4,'2017-10-01 13:00:00.000000',1,51,59),(630,'57292',15,18,4,'2017-10-01 16:05:00.000000',1,65,37),(631,'57293',26,24,4,'2017-10-01 16:05:00.000000',1,61,63),(632,'57294',23,25,4,'2017-10-01 16:05:00.000000',1,58,66),(633,'57295',10,16,4,'2017-10-01 16:25:00.000000',1,60,46),(634,'57296',18,46,4,'2017-10-01 20:30:00.000000',1,50,64),(635,'57297',20,29,4,'2017-10-02 20:30:00.000000',1,68,52),(636,'57298',19,14,5,'2017-10-05 20:25:00.000000',1,56,66),(637,'57299',16,20,5,'2017-10-08 13:00:00.000000',1,40,43),(638,'57300',17,14,5,'2017-10-08 13:00:00.000000',1,59,44),(639,'57301',27,24,5,'2017-10-08 13:00:00.000000',1,41,47),(640,'57302',23,26,5,'2017-10-08 13:00:00.000000',1,65,50),(641,'57303',10,16,5,'2017-10-08 13:00:00.000000',1,67,54),(642,'57304',27,22,5,'2017-10-08 13:00:00.000000',1,63,58),(643,'57305',7,34,5,'2017-10-08 13:00:00.000000',1,37,61),(644,'57306',30,9,5,'2017-10-08 13:00:00.000000',1,51,62),(645,'57307',16,10,5,'2017-10-08 16:05:00.000000',1,64,53),(646,'57308',30,17,5,'2017-10-08 16:05:00.000000',1,39,60),(647,'57309',35,31,5,'2017-10-08 16:25:00.000000',1,48,45),(648,'57310',42,34,5,'2017-10-08 20:30:00.000000',1,52,49),(649,'57311',20,17,5,'2017-10-09 20:30:00.000000',1,55,42),(650,'57312',28,23,6,'2017-10-12 20:25:00.000000',1,61,41),(651,'57313',20,17,6,'2017-10-15 13:00:00.000000',1,54,38),(652,'57314',27,24,6,'2017-10-15 13:00:00.000000',1,42,39),(653,'57315',17,33,6,'2017-10-15 13:00:00.000000',1,44,49),(654,'57316',10,23,6,'2017-10-15 13:00:00.000000',1,48,55),(655,'57317',38,52,6,'2017-10-15 13:00:00.000000',1,47,57),(656,'57318',24,17,6,'2017-10-15 13:00:00.000000',1,56,59),(657,'57319',24,26,6,'2017-10-15 13:00:00.000000',1,65,68),(658,'57320',33,38,6,'2017-10-15 16:05:00.000000',1,66,37),(659,'57321',27,17,6,'2017-10-15 16:05:00.000000',1,53,51),(660,'57322',19,13,6,'2017-10-15 16:25:00.000000',1,62,52),(661,'57323',17,16,6,'2017-10-15 16:25:00.000000',1,63,60),(662,'57324',23,10,6,'2017-10-15 20:30:00.000000',1,58,46),(663,'57325',22,36,6,'2017-10-16 20:30:00.000000',1,50,67),(664,'57326',30,31,7,'2017-10-19 20:25:00.000000',1,52,60),(665,'57327',27,30,7,'2017-10-22 13:00:00.000000',1,66,40),(666,'57328',3,17,7,'2017-10-22 13:00:00.000000',1,41,42),(667,'57329',12,9,7,'2017-10-22 13:00:00.000000',1,67,44),(668,'57330',26,17,7,'2017-10-22 13:00:00.000000',1,57,48),(669,'57331',27,0,7,'2017-10-22 13:00:00.000000',1,51,50),(670,'57332',0,33,7,'2017-10-22 13:00:00.000000',1,37,53),(671,'57333',28,31,7,'2017-10-22 13:00:00.000000',1,59,54),(672,'57334',16,24,7,'2017-10-22 13:00:00.000000',1,39,55),(673,'57335',14,29,7,'2017-10-22 13:00:00.000000',1,43,62),(674,'57336',40,10,7,'2017-10-22 16:05:00.000000',1,45,65),(675,'57337',0,21,7,'2017-10-22 16:25:00.000000',1,46,63),(676,'57338',24,7,7,'2017-10-22 16:25:00.000000',1,64,58),(677,'57339',7,23,7,'2017-10-22 20:30:00.000000',1,38,56),(678,'57340',0,0,7,'2017-10-23 20:30:00.000000',1,68,61),(679,'57341',0,0,8,'2017-10-26 20:25:00.000000',1,54,39),(680,'57342',0,0,8,'2017-10-29 21:30:00.000000',1,55,44),(681,'57343',0,0,8,'2017-10-29 13:00:00.000000',1,60,40),(682,'57344',0,0,8,'2017-10-29 13:00:00.000000',1,50,43),(683,'57345',0,0,8,'2017-10-29 13:00:00.000000',1,63,56),(684,'57346',0,0,8,'2017-10-29 13:00:00.000000',1,42,57),(685,'57347',0,0,8,'2017-10-29 13:00:00.000000',1,38,59),(686,'57348',0,0,8,'2017-10-29 13:00:00.000000',1,65,61),(687,'57349',0,0,8,'2017-10-29 13:00:00.000000',1,41,66),(688,'57350',0,0,8,'2017-10-29 16:05:00.000000',1,49,64),(689,'57351',0,0,8,'2017-10-29 16:25:00.000000',1,45,68),(690,'57352',0,0,8,'2017-10-29 20:30:00.000000',1,62,47),(691,'57353',0,0,8,'2017-10-30 20:30:00.000000',1,46,52),(692,'57354',0,0,9,'2017-11-02 20:25:00.000000',1,40,59),(693,'57355',0,0,9,'2017-11-05 13:00:00.000000',1,38,41),(694,'57356',0,0,9,'2017-11-05 13:00:00.000000',1,50,49),(695,'57357',0,0,9,'2017-11-05 13:00:00.000000',1,43,51),(696,'57358',0,0,9,'2017-11-05 13:00:00.000000',1,66,57),(697,'57359',0,0,9,'2017-11-05 13:00:00.000000',1,53,58),(698,'57360',0,0,9,'2017-11-05 13:00:00.000000',1,46,61),(699,'57361',0,0,9,'2017-11-05 13:00:00.000000',1,39,67),(700,'57362',0,0,9,'2017-11-05 16:05:00.000000',1,37,65),(701,'57363',0,0,9,'2017-11-05 16:05:00.000000',1,68,64),(702,'57364',0,0,9,'2017-11-05 16:25:00.000000',1,52,45),(703,'57365',0,0,9,'2017-11-05 20:30:00.000000',1,60,54),(704,'57366',0,0,9,'2017-11-06 20:30:00.000000',1,47,48),(705,'57367',0,0,10,'2017-11-09 20:25:00.000000',1,64,37),(706,'57368',0,0,10,'2017-11-12 13:00:00.000000',1,57,40),(707,'57369',0,0,10,'2017-11-12 13:00:00.000000',1,48,42),(708,'57370',0,0,10,'2017-11-12 13:00:00.000000',1,44,47),(709,'57371',0,0,10,'2017-11-12 13:00:00.000000',1,62,50),(710,'57372',0,0,10,'2017-11-12 13:00:00.000000',1,63,51),(711,'57373',0,0,10,'2017-11-12 13:00:00.000000',1,59,66),(712,'57374',0,0,10,'2017-11-12 13:00:00.000000',1,43,67),(713,'57375',0,0,10,'2017-11-12 13:00:00.000000',1,55,68),(714,'57376',0,0,10,'2017-11-12 16:05:00.000000',1,49,53),(715,'57377',0,0,10,'2017-11-12 16:25:00.000000',1,45,38),(716,'57378',0,0,10,'2017-11-12 16:25:00.000000',1,58,65),(717,'57379',0,0,10,'2017-11-12 20:30:00.000000',1,56,46),(718,'57380',0,0,10,'2017-11-13 20:30:00.000000',1,54,41),(719,'57381',0,0,11,'2017-11-16 20:25:00.000000',1,67,62),(720,'57382',0,0,11,'2017-11-19 13:00:00.000000',1,47,42),(721,'57383',0,0,11,'2017-11-19 13:00:00.000000',1,51,44),(722,'57384',0,0,11,'2017-11-19 13:00:00.000000',1,39,48),(723,'57385',0,0,11,'2017-11-19 13:00:00.000000',1,37,49),(724,'57386',0,0,11,'2017-11-19 13:00:00.000000',1,53,55),(725,'57387',0,0,11,'2017-11-19 13:00:00.000000',1,68,57),(726,'57388',0,0,11,'2017-11-19 13:00:00.000000',1,52,58),(727,'57389',0,0,11,'2017-11-19 16:05:00.000000',1,40,63),(728,'57390',0,0,11,'2017-11-19 16:25:00.000000',1,43,46),(729,'57391',0,0,11,'2017-11-19 16:25:00.000000',1,56,60),(730,'57392',0,0,11,'2017-11-19 20:30:00.000000',1,61,45),(731,'57393',0,0,11,'2017-11-20 20:30:00.000000',1,38,64),(732,'57394',0,0,12,'2017-11-23 00:30:00.000000',1,55,47),(733,'57395',0,0,12,'2017-11-23 16:30:00.000000',1,63,45),(734,'57396',0,0,12,'2017-11-23 20:30:00.000000',1,58,68),(735,'57397',0,0,12,'2017-11-26 13:00:00.000000',1,66,38),(736,'57398',0,0,12,'2017-11-26 13:00:00.000000',1,44,43),(737,'57399',0,0,12,'2017-11-26 13:00:00.000000',1,67,50),(738,'57400',0,0,12,'2017-11-26 13:00:00.000000',1,40,52),(739,'57401',0,0,12,'2017-11-26 13:00:00.000000',1,54,56),(740,'57402',0,0,12,'2017-11-26 13:00:00.000000',1,41,59),(741,'57403',0,0,12,'2017-11-26 13:00:00.000000',1,42,61),(742,'57404',0,0,12,'2017-11-26 16:05:00.000000',1,57,53),(743,'57405',0,0,12,'2017-11-26 16:05:00.000000',1,64,65),(744,'57406',0,0,12,'2017-11-26 16:25:00.000000',1,51,37),(745,'57407',0,0,12,'2017-11-26 16:25:00.000000',1,46,60),(746,'57408',0,0,12,'2017-11-26 20:30:00.000000',1,48,62),(747,'57409',0,0,12,'2017-11-27 20:30:00.000000',1,49,39),(748,'57410',0,0,13,'2017-11-30 20:25:00.000000',1,68,45),(749,'57411',0,0,13,'2017-12-03 13:00:00.000000',1,55,38),(750,'57412',0,0,13,'2017-12-03 13:00:00.000000',1,47,39),(751,'57413',0,0,13,'2017-12-03 13:00:00.000000',1,56,40),(752,'57414',0,0,13,'2017-12-03 13:00:00.000000',1,65,42),(753,'57415',0,0,13,'2017-12-03 13:00:00.000000',1,66,48),(754,'57416',0,0,13,'2017-12-03 13:00:00.000000',1,50,51),(755,'57417',0,0,13,'2017-12-03 13:00:00.000000',1,46,54),(756,'57418',0,0,13,'2017-12-03 13:00:00.000000',1,41,57),(757,'57419',0,0,13,'2017-12-03 13:00:00.000000',1,52,59),(758,'57420',0,0,13,'2017-12-03 13:00:00.000000',1,49,67),(759,'57421',0,0,13,'2017-12-03 16:05:00.000000',1,44,63),(760,'57422',0,0,13,'2017-12-03 16:25:00.000000',1,53,37),(761,'57423',0,0,13,'2017-12-03 16:25:00.000000',1,58,60),(762,'57424',0,0,13,'2017-12-03 20:30:00.000000',1,61,64),(763,'57425',0,0,13,'2017-12-04 20:30:00.000000',1,62,43),(764,'57426',0,0,14,'2017-12-07 20:25:00.000000',1,57,38),(765,'57427',0,0,14,'2017-12-10 13:00:00.000000',1,50,40),(766,'57428',0,0,14,'2017-12-10 13:00:00.000000',1,55,41),(767,'57429',0,0,14,'2017-12-10 13:00:00.000000',1,42,43),(768,'57430',0,0,14,'2017-12-10 13:00:00.000000',1,48,44),(769,'57431',0,0,14,'2017-12-10 13:00:00.000000',1,65,49),(770,'57432',0,0,14,'2017-12-10 13:00:00.000000',1,64,51),(771,'57433',0,0,14,'2017-12-10 13:00:00.000000',1,60,52),(772,'57434',0,0,14,'2017-12-10 13:00:00.000000',1,47,66),(773,'57435',0,0,14,'2017-12-10 16:05:00.000000',1,67,37),(774,'57436',0,0,14,'2017-12-10 16:05:00.000000',1,59,46),(775,'57437',0,0,14,'2017-12-10 16:05:00.000000',1,68,63),(776,'57438',0,0,14,'2017-12-10 16:25:00.000000',1,61,53),(777,'57439',0,0,14,'2017-12-10 16:25:00.000000',1,45,58),(778,'57440',0,0,14,'2017-12-10 20:30:00.000000',1,39,62),(779,'57441',0,0,14,'2017-12-11 20:30:00.000000',1,56,54),(780,'57442',0,0,15,'2017-12-14 20:25:00.000000',1,46,50),(781,'57443',0,0,15,'2017-12-16 16:30:00.000000',1,42,47),(782,'57444',0,0,15,'2017-12-16 20:25:00.000000',1,63,52),(783,'57445',0,0,15,'2017-12-17 13:00:00.000000',1,54,40),(784,'57446',0,0,15,'2017-12-17 13:00:00.000000',1,48,41),(785,'57447',0,0,15,'2017-12-17 13:00:00.000000',1,39,44),(786,'57448',0,0,15,'2017-12-17 13:00:00.000000',1,49,51),(787,'57449',0,0,15,'2017-12-17 13:00:00.000000',1,43,55),(788,'57450',0,0,15,'2017-12-17 13:00:00.000000',1,59,57),(789,'57451',0,0,15,'2017-12-17 13:00:00.000000',1,61,58),(790,'57452',0,0,15,'2017-12-17 13:00:00.000000',1,37,68),(791,'57453',0,0,15,'2017-12-17 16:05:00.000000',1,53,64),(792,'57454',0,0,15,'2017-12-17 16:25:00.000000',1,56,62),(793,'57455',0,0,15,'2017-12-17 16:25:00.000000',1,67,65),(794,'57456',0,0,15,'2017-12-17 20:30:00.000000',1,45,60),(795,'57457',0,0,15,'2017-12-18 20:30:00.000000',1,38,66),(796,'57458',0,0,16,'2017-12-23 16:30:00.000000',1,50,39),(797,'57459',0,0,16,'2017-12-23 20:30:00.000000',1,55,48),(798,'57460',0,0,16,'2017-12-24 13:00:00.000000',1,66,41),(799,'57461',0,0,16,'2017-12-24 13:00:00.000000',1,44,42),(800,'57462',0,0,16,'2017-12-24 13:00:00.000000',1,47,43),(801,'57463',0,0,16,'2017-12-24 13:00:00.000000',1,54,52),(802,'57464',0,0,16,'2017-12-24 13:00:00.000000',1,40,56),(803,'57465',0,0,16,'2017-12-24 13:00:00.000000',1,38,57),(804,'57466',0,0,16,'2017-12-24 13:00:00.000000',1,63,59),(805,'57467',0,0,16,'2017-12-24 13:00:00.000000',1,53,67),(806,'57468',0,0,16,'2017-12-24 13:00:00.000000',1,46,68),(807,'57469',0,0,16,'2017-12-24 16:05:00.000000',1,51,65),(808,'57470',0,0,16,'2017-12-24 16:25:00.000000',1,58,37),(809,'57471',0,0,16,'2017-12-24 16:25:00.000000',1,64,45),(810,'57472',0,0,16,'2017-12-25 16:30:00.000000',1,62,49),(811,'57473',0,0,16,'2017-12-25 20:30:00.000000',1,60,61),(812,'57474',0,0,17,'2017-12-31 13:00:00.000000',1,41,38),(813,'57475',0,0,17,'2017-12-31 13:00:00.000000',1,43,39),(814,'57476',0,0,17,'2017-12-31 13:00:00.000000',1,48,47),(815,'57477',0,0,17,'2017-12-31 13:00:00.000000',1,49,50),(816,'57478',0,0,17,'2017-12-31 13:00:00.000000',1,40,54),(817,'57479',0,0,17,'2017-12-31 13:00:00.000000',1,42,55),(818,'57480',0,0,17,'2017-12-31 13:00:00.000000',1,59,56),(819,'57481',0,0,17,'2017-12-31 13:00:00.000000',1,68,58),(820,'57482',0,0,17,'2017-12-31 13:00:00.000000',1,45,61),(821,'57483',0,0,17,'2017-12-31 13:00:00.000000',1,44,62),(822,'57484',0,0,17,'2017-12-31 13:00:00.000000',1,57,66),(823,'57485',0,0,17,'2017-12-31 13:00:00.000000',1,51,67),(824,'57486',0,0,17,'2017-12-31 16:25:00.000000',1,52,46),(825,'57487',0,0,17,'2017-12-31 16:25:00.000000',1,60,63),(826,'57488',0,0,17,'2017-12-31 16:25:00.000000',1,65,53),(827,'57489',0,0,17,'2017-12-31 16:25:00.000000',1,37,64);
/*!40000 ALTER TABLE `fixtures_fixture` ENABLE KEYS */;
UNLOCK TABLES;

--
-- Table structure for table `fixtures_team`
--

DROP TABLE IF EXISTS `fixtures_team`;
/*!40101 SET @saved_cs_client     = @@character_set_client */;
/*!40101 SET character_set_client = utf8 */;
CREATE TABLE `fixtures_team` (
  `id` int(11) NOT NULL AUTO_INCREMENT,
  `short_name` varchar(5) DEFAULT NULL,
  `city_name` varchar(50) DEFAULT NULL,
  `team_name` varchar(50) DEFAULT NULL,
  `full_name` varchar(50) DEFAULT NULL,
  `division` varchar(50) DEFAULT NULL,
  `conference` varchar(5) DEFAULT NULL,
  `team_logo` varchar(100) NOT NULL,
  PRIMARY KEY (`id`)
) ENGINE=InnoDB AUTO_INCREMENT=69 DEFAULT CHARSET=utf8;
/*!40101 SET character_set_client = @saved_cs_client */;

--
-- Dumping data for table `fixtures_team`
--

LOCK TABLES `fixtures_team` WRITE;
/*!40000 ALTER TABLE `fixtures_team` DISABLE KEYS */;
INSERT INTO `fixtures_team` VALUES (37,'ARI','Arizona','Cardinals','Arizona Cardinals','NFC_WEST','NFC','logos/arizona-cardinals-logo-vector.png'),(38,'ATL','Atlanta','Falcons','Atlanta Falcons','NFC_SOUTH','NFC','logos/atlanta-falcons-logo-vector.png'),(39,'BAL','Baltimore','Ravens','Baltimore Ravens','AFC_NORTH','AFC','logos/baltimore-ravens-logo-vector-01.png'),(40,'BUF','Buffalo','Bills','Buffalo Bills','AFC_EAST','AFC','logos/buffalo-bills-logo-vector-01.png'),(41,'CAR','Carolina','Panthers','Carolina Panthers','NFC_SOUTH','NFC','logos/carolina-panthers-logo-vector.png'),(42,'CHI','Chicago','Bears','Chicago Bears','NFC_NORTH','NFC','logos/chicago-bears-logo-vector.png'),(43,'CIN','Cincinnati','Bengals','Cincinnati Bengals','AFC_NORTH','AFC','logos/cincinnati-bengals-logo-vector-01.png'),(44,'CLE','Cleveland','Browns','Cleveland Browns','AFC_NORTH','AFC','logos/cleveland-browns-vector-logo.png'),(45,'DAL','Dallas','Cowboys','Dallas Cowboys','NFC_EAST','NFC','logos/dallas-cowboys-logo-vector.png'),(46,'DEN','Denver','Broncos','Denver Broncos','AFC_WEST','AFC','logos/denver-broncos-logo-vector.png'),(47,'DET','Detroit','Lions','Detroit Lions','NFC_NORTH','NFC','logos/detroit-lions-logo-vector-01.png'),(48,'GB','Green Bay','Packers','Green Bay Packers','NFC_NORTH','NFC','logos/green-bay-packers-logo-vector.png'),(49,'HOU','Houston','Texans','Houston Texans','AFC_SOUTH','AFC','logos/houston-texans-logo-vector.png'),(50,'IND','Indianapolis','Colts','Indianapolis Colts','AFC_SOUTH','AFC','logos/indianapolis-colts-vector-logo.png'),(51,'JAC','Jacksonville','Jaguars','Jacksonville Jaguars','AFC_SOUTH','AFC','logos/jacksonville-jaguars-vector-logo.png'),(52,'KC','Kansas City','Chiefs','Kansas City Chiefs','AFC_WEST','AFC','logos/kansas-city-chiefs-vector-logo.png'),(53,'LA','Los Angeles','Rams','Los Angeles Rams','NFC_WEST','NFC','logos/los-angeles-rams-vector-logo.png'),(54,'MIA','Miami','Dolphins','Miami Dolphins','AFC_EAST','AFC','logos/miami-dolphins-vector-logo.png'),(55,'MIN','Minnesota','Vikings','Minnesota Vikings','NFC_NORTH','NFC','logos/minnesota-vikings-logo-vector.png'),(56,'NE','New England','Patriots','New England Patriots','AFC_EAST','AFC','logos/new-england-patriots-logo-preview.png'),(57,'NO','New Orleans','Saints','New Orleans Saints','NFC_SOUTH','NFC','logos/new-orleans-saints-logo-vector.png'),(58,'NYG','Giants','Giants','New York Giants','NFC_EAST','NFC','logos/new-york-giants-logo-vector.png'),(59,'NYJ','Jets','Jets','New York Jets','AFC_EAST','AFC','logos/new-york-jets-logo-vector-01.png'),(60,'OAK','Oakland','Raiders','Oakland Raiders','AFC_WEST','AFC','logos/oakland-raiders-logo-vector.png'),(61,'PHI','Philadelphia','Eagles','Philadelphia Eagles','NFC_EAST','NFC','logos/philadelphia-eagles-logo-vector.png'),(62,'PIT','Pittsburgh','Steelers','Pittsburgh Steelers','AFC_NORTH','AFC','logos/pittsburgh-steelers-logo-vector-01.png'),(63,'LAC','Los Angeles','Chargers','Los Angeles Chargers','AFC_WEST','AFC','logos/los-angeles-chargers-logo-vector.png'),(64,'SEA','Seattle','Seahawks','Seattle Seahawks','NFC_WEST','NFC','logos/seattle-seahawks-logo-vector.png'),(65,'SF','San Francisco','49ers','San Francisco 49ers','NFC_WEST','NFC','logos/49ers_Logo.png'),(66,'TB','Tampa Bay','Buccaneers','Tampa Bay Buccaneers','NFC_SOUTH','NFC','logos/tampa-bay-buccaneers-logo-vector.png'),(67,'TEN','Tennessee','Titans','Tennessee Titans','AFC_SOUTH','AFC','logos/tennessee-titans-vector-logo.png'),(68,'WAS','Washington','Redskins','Washington Redskins','NFC_EAST','NFC','logos/washington-redskins-logo-vector.png');
/*!40000 ALTER TABLE `fixtures_team` ENABLE KEYS */;
UNLOCK TABLES;

--
-- Table structure for table `picks_pick`
--

DROP TABLE IF EXISTS `picks_pick`;
/*!40101 SET @saved_cs_client     = @@character_set_client */;
/*!40101 SET character_set_client = utf8 */;
CREATE TABLE `picks_pick` (
  `id` int(11) NOT NULL AUTO_INCREMENT,
  `home_pick` int(10) unsigned DEFAULT NULL,
  `away_pick` int(10) unsigned DEFAULT NULL,
  `lock` tinyint(1) NOT NULL,
  `fixture_id` int(11) NOT NULL,
  `user_id` int(11) NOT NULL,
  PRIMARY KEY (`id`),
  KEY `picks_pick_fixture_id_47e511a6_fk_fixtures_fixture_id` (`fixture_id`),
  KEY `picks_pick_user_id_fdeaac1c_fk_auth_user_id` (`user_id`),
  CONSTRAINT `picks_pick_fixture_id_47e511a6_fk_fixtures_fixture_id` FOREIGN KEY (`fixture_id`) REFERENCES `fixtures_fixture` (`id`),
  CONSTRAINT `picks_pick_user_id_fdeaac1c_fk_auth_user_id` FOREIGN KEY (`user_id`) REFERENCES `auth_user` (`id`)
) ENGINE=InnoDB AUTO_INCREMENT=4106 DEFAULT CHARSET=utf8;
/*!40101 SET character_set_client = @saved_cs_client */;

--
-- Dumping data for table `picks_pick`
--

LOCK TABLES `picks_pick` WRITE;
/*!40000 ALTER TABLE `picks_pick` DISABLE KEYS */;
INSERT INTO `picks_pick` VALUES (3082,28,17,0,572,11),(3083,28,17,0,573,11),(3084,21,39,0,574,11),(3085,28,18,0,575,11),(3086,17,38,0,576,11),(3087,27,21,0,577,11),(3088,21,16,0,578,11),(3089,NULL,NULL,0,579,11),(3090,20,27,0,580,11),(3091,20,30,0,581,11),(3092,23,17,0,582,11),(3093,31,26,0,583,11),(3094,14,29,0,584,11),(3095,21,32,0,585,11),(3096,21,26,0,586,11),(3097,20,27,0,587,11),(3098,28,20,0,588,11),(3099,25,19,0,589,11),(3100,33,26,0,590,11),(3101,19,24,0,591,11),(3102,30,23,1,592,11),(3103,38,24,0,593,11),(3104,20,30,0,594,11),(3105,30,15,0,595,11),(3106,28,21,0,596,11),(3107,26,31,0,597,11),(3108,34,16,0,598,11),(3109,29,23,0,599,11),(3110,30,25,0,600,11),(3111,27,17,0,601,11),(3112,23,28,0,602,11),(3113,18,21,0,603,11),(3114,17,28,0,604,11),(3115,18,28,0,605,11),(3116,22,30,0,606,11),(3117,33,20,0,607,11),(3118,18,32,0,608,11),(3119,22,28,0,609,11),(3120,23,27,1,610,11),(3121,29,22,0,611,11),(3122,31,15,0,612,11),(3123,17,30,0,613,11),(3124,28,21,0,614,11),(3125,21,25,0,615,11),(3126,30,12,0,616,11),(3127,28,33,0,617,11),(3128,22,28,0,618,11),(3129,20,26,0,619,11),(3130,30,22,0,620,11),(3131,28,20,0,621,11),(3132,28,20,0,622,11),(3133,20,30,0,623,11),(3134,19,25,0,624,11),(3135,26,33,0,625,11),(3136,18,25,0,626,11),(3137,28,22,0,627,11),(3138,29,17,0,628,11),(3139,17,26,0,629,11),(3140,28,20,0,630,11),(3141,20,28,0,631,11),(3142,28,20,1,632,11),(3143,27,19,0,633,11),(3144,27,18,0,634,11),(3145,29,21,0,635,11),(3146,22,28,0,636,11),(3147,30,23,0,637,11),(3148,12,17,0,638,11),(3149,31,23,0,639,11),(3150,26,30,0,640,11),(3151,26,20,0,641,11),(3152,28,22,0,642,11),(3153,28,16,0,643,11),(3154,28,18,0,644,11),(3155,34,23,0,645,11),(3156,21,26,0,646,11),(3157,24,31,1,647,11),(3158,25,35,0,648,11),(3159,18,26,0,649,11),(3160,26,20,0,650,11),(3161,26,18,0,651,11),(3162,25,18,0,652,11),(3163,29,19,0,653,11),(3164,20,30,0,654,11),(3165,31,23,0,655,11),(3166,16,23,0,656,11),(3167,29,17,0,657,11),(3168,18,26,0,658,11),(3169,29,20,1,659,11),(3170,35,23,0,660,11),(3171,26,19,0,661,11),(3172,29,16,0,662,11),(3173,28,23,0,663,11),(3174,20,28,0,664,11),(3175,25,18,0,665,11),(3176,20,28,0,666,11),(3177,17,27,0,667,11),(3178,27,23,1,668,11),(3179,23,18,0,669,11),(3180,29,24,0,670,11),(3181,25,21,0,671,11),(3182,25,20,0,672,11),(3183,29,19,0,673,11),(3184,19,29,0,674,11),(3185,20,25,0,675,11),(3186,20,25,0,676,11),(3187,29,23,0,677,11),(3188,29,20,0,678,11),(3189,NULL,NULL,0,679,11),(3190,NULL,NULL,0,680,11),(3191,NULL,NULL,0,681,11),(3192,NULL,NULL,0,682,11),(3193,NULL,NULL,0,683,11),(3194,NULL,NULL,0,684,11),(3195,NULL,NULL,0,685,11),(3196,NULL,NULL,0,686,11),(3197,NULL,NULL,0,687,11),(3198,NULL,NULL,0,688,11),(3199,NULL,NULL,0,689,11),(3200,NULL,NULL,0,690,11),(3201,NULL,NULL,0,691,11),(3202,NULL,NULL,0,692,11),(3203,NULL,NULL,0,693,11),(3204,NULL,NULL,0,694,11),(3205,NULL,NULL,0,695,11),(3206,NULL,NULL,0,696,11),(3207,NULL,NULL,0,697,11),(3208,NULL,NULL,0,698,11),(3209,NULL,NULL,0,699,11),(3210,NULL,NULL,0,700,11),(3211,NULL,NULL,0,701,11),(3212,NULL,NULL,0,702,11),(3213,NULL,NULL,0,703,11),(3214,NULL,NULL,0,704,11),(3215,NULL,NULL,0,705,11),(3216,NULL,NULL,0,706,11),(3217,NULL,NULL,0,707,11),(3218,NULL,NULL,0,708,11),(3219,NULL,NULL,0,709,11),(3220,NULL,NULL,0,710,11),(3221,NULL,NULL,0,711,11),(3222,NULL,NULL,0,712,11),(3223,NULL,NULL,0,713,11),(3224,NULL,NULL,0,714,11),(3225,NULL,NULL,0,715,11),(3226,NULL,NULL,0,716,11),(3227,NULL,NULL,0,717,11),(3228,NULL,NULL,0,718,11),(3229,NULL,NULL,0,719,11),(3230,NULL,NULL,0,720,11),(3231,NULL,NULL,0,721,11),(3232,NULL,NULL,0,722,11),(3233,NULL,NULL,0,723,11),(3234,NULL,NULL,0,724,11),(3235,NULL,NULL,0,725,11),(3236,NULL,NULL,0,726,11),(3237,NULL,NULL,0,727,11),(3238,NULL,NULL,0,728,11),(3239,NULL,NULL,0,729,11),(3240,NULL,NULL,0,730,11),(3241,NULL,NULL,0,731,11),(3242,NULL,NULL,0,732,11),(3243,NULL,NULL,0,733,11),(3244,NULL,NULL,0,734,11),(3245,NULL,NULL,0,735,11),(3246,NULL,NULL,0,736,11),(3247,NULL,NULL,0,737,11),(3248,NULL,NULL,0,738,11),(3249,NULL,NULL,0,739,11),(3250,NULL,NULL,0,740,11),(3251,NULL,NULL,0,741,11),(3252,NULL,NULL,0,742,11),(3253,NULL,NULL,0,743,11),(3254,NULL,NULL,0,744,11),(3255,NULL,NULL,0,745,11),(3256,NULL,NULL,0,746,11),(3257,NULL,NULL,0,747,11),(3258,NULL,NULL,0,748,11),(3259,NULL,NULL,0,749,11),(3260,NULL,NULL,0,750,11),(3261,NULL,NULL,0,751,11),(3262,NULL,NULL,0,752,11),(3263,NULL,NULL,0,753,11),(3264,NULL,NULL,0,754,11),(3265,NULL,NULL,0,755,11),(3266,NULL,NULL,0,756,11),(3267,NULL,NULL,0,757,11),(3268,NULL,NULL,0,758,11),(3269,NULL,NULL,0,759,11),(3270,NULL,NULL,0,760,11),(3271,NULL,NULL,0,761,11),(3272,NULL,NULL,0,762,11),(3273,NULL,NULL,0,763,11),(3274,NULL,NULL,0,764,11),(3275,NULL,NULL,0,765,11),(3276,NULL,NULL,0,766,11),(3277,NULL,NULL,0,767,11),(3278,NULL,NULL,0,768,11),(3279,NULL,NULL,0,769,11),(3280,NULL,NULL,0,770,11),(3281,NULL,NULL,0,771,11),(3282,NULL,NULL,0,772,11),(3283,NULL,NULL,0,773,11),(3284,NULL,NULL,0,774,11),(3285,NULL,NULL,0,775,11),(3286,NULL,NULL,0,776,11),(3287,NULL,NULL,0,777,11),(3288,NULL,NULL,0,778,11),(3289,NULL,NULL,0,779,11),(3290,NULL,NULL,0,780,11),(3291,NULL,NULL,0,781,11),(3292,NULL,NULL,0,782,11),(3293,NULL,NULL,0,783,11),(3294,NULL,NULL,0,784,11),(3295,NULL,NULL,0,785,11),(3296,NULL,NULL,0,786,11),(3297,NULL,NULL,0,787,11),(3298,NULL,NULL,0,788,11),(3299,NULL,NULL,0,789,11),(3300,NULL,NULL,0,790,11),(3301,NULL,NULL,0,791,11),(3302,NULL,NULL,0,792,11),(3303,NULL,NULL,0,793,11),(3304,NULL,NULL,0,794,11),(3305,NULL,NULL,0,795,11),(3306,NULL,NULL,0,796,11),(3307,NULL,NULL,0,797,11),(3308,NULL,NULL,0,798,11),(3309,NULL,NULL,0,799,11),(3310,NULL,NULL,0,800,11),(3311,NULL,NULL,0,801,11),(3312,NULL,NULL,0,802,11),(3313,NULL,NULL,0,803,11),(3314,NULL,NULL,0,804,11),(3315,NULL,NULL,0,805,11),(3316,NULL,NULL,0,806,11),(3317,NULL,NULL,0,807,11),(3318,NULL,NULL,0,808,11),(3319,NULL,NULL,0,809,11),(3320,NULL,NULL,0,810,11),(3321,NULL,NULL,0,811,11),(3322,NULL,NULL,0,812,11),(3323,NULL,NULL,0,813,11),(3324,NULL,NULL,0,814,11),(3325,NULL,NULL,0,815,11),(3326,NULL,NULL,0,816,11),(3327,NULL,NULL,0,817,11),(3328,NULL,NULL,0,818,11),(3329,NULL,NULL,0,819,11),(3330,NULL,NULL,0,820,11),(3331,NULL,NULL,0,821,11),(3332,NULL,NULL,0,822,11),(3333,NULL,NULL,0,823,11),(3334,NULL,NULL,0,824,11),(3335,NULL,NULL,0,825,11),(3336,NULL,NULL,0,826,11),(3337,NULL,NULL,0,827,11),(3338,21,24,0,572,12),(3339,13,17,0,573,12),(3340,16,28,0,574,12),(3341,25,17,0,575,12),(3342,17,24,0,576,12),(3343,18,23,0,577,12),(3344,22,16,0,578,12),(3345,NULL,NULL,0,579,12),(3346,23,20,0,580,12),(3347,16,22,0,581,12),(3348,16,11,0,582,12),(3349,19,24,0,583,12),(3350,18,24,0,584,12),(3351,22,17,0,585,12),(3352,21,15,0,586,12),(3353,21,16,0,587,12),(3354,17,10,0,588,12),(3355,18,16,0,589,12),(3356,26,14,0,590,12),(3357,10,21,0,591,12),(3358,20,24,0,592,12),(3359,24,18,0,593,12),(3360,24,28,0,594,12),(3361,24,19,0,595,12),(3362,27,18,0,596,12),(3363,21,16,0,597,12),(3364,34,13,0,598,12),(3365,14,21,0,599,12),(3366,25,20,1,600,12),(3367,28,16,0,601,12),(3368,31,28,0,602,12),(3369,21,17,0,603,12),(3370,18,24,0,604,12),(3371,21,16,0,605,12),(3372,14,24,0,606,12),(3373,24,17,0,607,12),(3374,18,32,0,608,12),(3375,17,31,0,609,12),(3376,16,21,0,610,12),(3377,17,21,0,611,12),(3378,32,16,0,612,12),(3379,12,31,0,613,12),(3380,24,20,0,614,12),(3381,24,17,1,615,12),(3382,35,21,0,616,12),(3383,21,24,0,617,12),(3384,17,24,0,618,12),(3385,18,23,0,619,12),(3386,21,24,0,620,12),(3387,16,21,0,621,12),(3388,24,16,0,622,12),(3389,13,18,0,623,12),(3390,18,24,0,624,12),(3391,24,18,0,625,12),(3392,17,24,0,626,12),(3393,18,15,0,627,12),(3394,34,16,0,628,12),(3395,13,16,0,629,12),(3396,18,13,0,630,12),(3397,21,27,1,631,12),(3398,24,18,0,632,12),(3399,21,17,0,633,12),(3400,16,10,0,634,12),(3401,28,21,0,635,12),(3402,21,28,0,636,12),(3403,21,18,1,637,12),(3404,17,24,0,638,12),(3405,21,17,0,639,12),(3406,21,16,0,640,12),(3407,18,24,0,641,12),(3408,21,17,0,642,12),(3409,24,18,0,643,12),(3410,28,16,0,644,12),(3411,14,16,0,645,12),(3412,16,21,0,646,12),(3413,28,24,0,647,12),(3414,19,24,0,648,12),(3415,21,31,0,649,12),(3416,28,24,0,650,12),(3417,32,21,0,651,12),(3418,22,17,0,652,12),(3419,42,21,0,653,12),(3420,27,21,0,654,12),(3421,21,24,1,655,12),(3422,18,32,0,656,12),(3423,24,18,0,657,12),(3424,18,25,0,658,12),(3425,17,21,0,659,12),(3426,28,23,0,660,12),(3427,24,18,0,661,12),(3428,21,16,0,662,12),(3429,21,18,0,663,12),(3430,18,24,0,664,12),(3431,18,21,0,665,12),(3432,21,26,0,666,12),(3433,18,28,0,667,12),(3434,21,28,0,668,12),(3435,24,20,0,669,12),(3436,24,18,0,670,12),(3437,22,18,0,671,12),(3438,21,12,0,672,12),(3439,26,17,0,673,12),(3440,21,24,0,674,12),(3441,16,19,0,675,12),(3442,13,18,0,676,12),(3443,24,27,1,677,12),(3444,24,18,0,678,12),(3445,NULL,NULL,0,679,12),(3446,NULL,NULL,0,680,12),(3447,NULL,NULL,0,681,12),(3448,NULL,NULL,0,682,12),(3449,NULL,NULL,0,683,12),(3450,NULL,NULL,0,684,12),(3451,NULL,NULL,0,685,12),(3452,NULL,NULL,0,686,12),(3453,NULL,NULL,0,687,12),(3454,NULL,NULL,0,688,12),(3455,NULL,NULL,0,689,12),(3456,NULL,NULL,0,690,12),(3457,NULL,NULL,0,691,12),(3458,NULL,NULL,0,692,12),(3459,NULL,NULL,0,693,12),(3460,NULL,NULL,0,694,12),(3461,NULL,NULL,0,695,12),(3462,NULL,NULL,0,696,12),(3463,NULL,NULL,0,697,12),(3464,NULL,NULL,0,698,12),(3465,NULL,NULL,0,699,12),(3466,NULL,NULL,0,700,12),(3467,NULL,NULL,0,701,12),(3468,NULL,NULL,0,702,12),(3469,NULL,NULL,0,703,12),(3470,NULL,NULL,0,704,12),(3471,NULL,NULL,0,705,12),(3472,NULL,NULL,0,706,12),(3473,NULL,NULL,0,707,12),(3474,NULL,NULL,0,708,12),(3475,NULL,NULL,0,709,12),(3476,NULL,NULL,0,710,12),(3477,NULL,NULL,0,711,12),(3478,NULL,NULL,0,712,12),(3479,NULL,NULL,0,713,12),(3480,NULL,NULL,0,714,12),(3481,NULL,NULL,0,715,12),(3482,NULL,NULL,0,716,12),(3483,NULL,NULL,0,717,12),(3484,NULL,NULL,0,718,12),(3485,NULL,NULL,0,719,12),(3486,NULL,NULL,0,720,12),(3487,NULL,NULL,0,721,12),(3488,NULL,NULL,0,722,12),(3489,NULL,NULL,0,723,12),(3490,NULL,NULL,0,724,12),(3491,NULL,NULL,0,725,12),(3492,NULL,NULL,0,726,12),(3493,NULL,NULL,0,727,12),(3494,NULL,NULL,0,728,12),(3495,NULL,NULL,0,729,12),(3496,NULL,NULL,0,730,12),(3497,NULL,NULL,0,731,12),(3498,NULL,NULL,0,732,12),(3499,NULL,NULL,0,733,12),(3500,NULL,NULL,0,734,12),(3501,NULL,NULL,0,735,12),(3502,NULL,NULL,0,736,12),(3503,NULL,NULL,0,737,12),(3504,NULL,NULL,0,738,12),(3505,NULL,NULL,0,739,12),(3506,NULL,NULL,0,740,12),(3507,NULL,NULL,0,741,12),(3508,NULL,NULL,0,742,12),(3509,NULL,NULL,0,743,12),(3510,NULL,NULL,0,744,12),(3511,NULL,NULL,0,745,12),(3512,NULL,NULL,0,746,12),(3513,NULL,NULL,0,747,12),(3514,NULL,NULL,0,748,12),(3515,NULL,NULL,0,749,12),(3516,NULL,NULL,0,750,12),(3517,NULL,NULL,0,751,12),(3518,NULL,NULL,0,752,12),(3519,NULL,NULL,0,753,12),(3520,NULL,NULL,0,754,12),(3521,NULL,NULL,0,755,12),(3522,NULL,NULL,0,756,12),(3523,NULL,NULL,0,757,12),(3524,NULL,NULL,0,758,12),(3525,NULL,NULL,0,759,12),(3526,NULL,NULL,0,760,12),(3527,NULL,NULL,0,761,12),(3528,NULL,NULL,0,762,12),(3529,NULL,NULL,0,763,12),(3530,NULL,NULL,0,764,12),(3531,NULL,NULL,0,765,12),(3532,NULL,NULL,0,766,12),(3533,NULL,NULL,0,767,12),(3534,NULL,NULL,0,768,12),(3535,NULL,NULL,0,769,12),(3536,NULL,NULL,0,770,12),(3537,NULL,NULL,0,771,12),(3538,NULL,NULL,0,772,12),(3539,NULL,NULL,0,773,12),(3540,NULL,NULL,0,774,12),(3541,NULL,NULL,0,775,12),(3542,NULL,NULL,0,776,12),(3543,NULL,NULL,0,777,12),(3544,NULL,NULL,0,778,12),(3545,NULL,NULL,0,779,12),(3546,NULL,NULL,0,780,12),(3547,NULL,NULL,0,781,12),(3548,NULL,NULL,0,782,12),(3549,NULL,NULL,0,783,12),(3550,NULL,NULL,0,784,12),(3551,NULL,NULL,0,785,12),(3552,NULL,NULL,0,786,12),(3553,NULL,NULL,0,787,12),(3554,NULL,NULL,0,788,12),(3555,NULL,NULL,0,789,12),(3556,NULL,NULL,0,790,12),(3557,NULL,NULL,0,791,12),(3558,NULL,NULL,0,792,12),(3559,NULL,NULL,0,793,12),(3560,NULL,NULL,0,794,12),(3561,NULL,NULL,0,795,12),(3562,NULL,NULL,0,796,12),(3563,NULL,NULL,0,797,12),(3564,NULL,NULL,0,798,12),(3565,NULL,NULL,0,799,12),(3566,NULL,NULL,0,800,12),(3567,NULL,NULL,0,801,12),(3568,NULL,NULL,0,802,12),(3569,NULL,NULL,0,803,12),(3570,NULL,NULL,0,804,12),(3571,NULL,NULL,0,805,12),(3572,NULL,NULL,0,806,12),(3573,NULL,NULL,0,807,12),(3574,NULL,NULL,0,808,12),(3575,NULL,NULL,0,809,12),(3576,NULL,NULL,0,810,12),(3577,NULL,NULL,0,811,12),(3578,NULL,NULL,0,812,12),(3579,NULL,NULL,0,813,12),(3580,NULL,NULL,0,814,12),(3581,NULL,NULL,0,815,12),(3582,NULL,NULL,0,816,12),(3583,NULL,NULL,0,817,12),(3584,NULL,NULL,0,818,12),(3585,NULL,NULL,0,819,12),(3586,NULL,NULL,0,820,12),(3587,NULL,NULL,0,821,12),(3588,NULL,NULL,0,822,12),(3589,NULL,NULL,0,823,12),(3590,NULL,NULL,0,824,12),(3591,NULL,NULL,0,825,12),(3592,NULL,NULL,0,826,12),(3593,NULL,NULL,0,827,12),(3594,33,16,0,572,13),(3595,14,7,0,573,13),(3596,14,24,0,574,13),(3597,17,14,0,575,13),(3598,18,28,0,576,13),(3599,20,29,0,577,13),(3600,21,14,0,578,13),(3601,NULL,NULL,0,579,13),(3602,27,21,0,580,13),(3603,34,27,0,581,13),(3604,20,28,0,582,13),(3605,21,10,0,583,13),(3606,21,28,0,584,13),(3607,26,23,0,585,13),(3608,28,21,0,586,13),(3609,25,20,0,587,13),(3610,17,10,0,588,13),(3611,16,20,1,589,13),(3612,24,18,0,590,13),(3613,6,28,0,591,13),(3614,14,21,0,592,13),(3615,21,24,0,593,13),(3616,21,29,0,594,13),(3617,24,17,0,595,13),(3618,29,19,0,596,13),(3619,24,17,0,597,13),(3620,32,10,0,598,13),(3621,24,28,0,599,13),(3622,24,17,0,600,13),(3623,24,7,0,601,13),(3624,21,30,0,602,13),(3625,14,21,0,603,13),(3626,7,21,1,604,13),(3627,18,17,0,605,13),(3628,11,20,0,606,13),(3629,21,24,0,607,13),(3630,17,30,0,608,13),(3631,28,31,0,609,13),(3632,20,23,0,610,13),(3633,20,29,0,611,13),(3634,24,12,0,612,13),(3635,20,25,0,613,13),(3636,26,13,0,614,13),(3637,18,16,0,615,13),(3638,28,18,0,616,13),(3639,22,14,0,617,13),(3640,25,28,0,618,13),(3641,17,21,0,619,13),(3642,24,16,0,620,13),(3643,14,21,0,621,13),(3644,17,10,0,622,13),(3645,14,24,0,623,13),(3646,26,28,0,624,13),(3647,26,29,0,625,13),(3648,24,28,0,626,13),(3649,17,24,0,627,13),(3650,38,16,0,628,13),(3651,6,17,0,629,13),(3652,26,14,0,630,13),(3653,27,28,0,631,13),(3654,27,21,0,632,13),(3655,24,14,0,633,13),(3656,14,10,0,634,13),(3657,30,28,0,635,13),(3658,21,24,0,636,13),(3659,25,15,0,637,13),(3660,25,15,0,638,13),(3661,25,15,0,639,13),(3662,25,15,0,640,13),(3663,25,15,0,641,13),(3664,25,15,0,642,13),(3665,25,15,0,643,13),(3666,25,15,0,644,13),(3667,24,21,0,645,13),(3668,7,20,0,646,13),(3669,24,30,0,647,13),(3670,17,27,0,648,13),(3671,10,14,0,649,13),(3672,24,27,1,650,13),(3673,28,14,0,651,13),(3674,23,17,0,652,13),(3675,30,20,0,653,13),(3676,24,29,0,654,13),(3677,24,28,0,655,13),(3678,14,24,0,656,13),(3679,30,24,0,657,13),(3680,25,27,0,658,13),(3681,14,17,0,659,13),(3682,26,28,0,660,13),(3683,23,27,0,661,13),(3684,24,10,0,662,13),(3685,14,28,0,663,13),(3686,25,20,1,664,13),(3687,21,14,0,665,13),(3688,21,25,0,666,13),(3689,17,30,0,667,13),(3690,17,26,0,668,13),(3691,22,25,0,669,13),(3692,27,30,0,670,13),(3693,21,24,0,671,13),(3694,24,10,0,672,13),(3695,28,21,0,673,13),(3696,22,35,0,674,13),(3697,24,17,0,675,13),(3698,14,26,0,676,13),(3699,30,27,0,677,13),(3700,30,27,0,678,13),(3701,NULL,NULL,0,679,13),(3702,NULL,NULL,0,680,13),(3703,NULL,NULL,0,681,13),(3704,NULL,NULL,0,682,13),(3705,NULL,NULL,0,683,13),(3706,NULL,NULL,0,684,13),(3707,NULL,NULL,0,685,13),(3708,NULL,NULL,0,686,13),(3709,NULL,NULL,0,687,13),(3710,NULL,NULL,0,688,13),(3711,NULL,NULL,0,689,13),(3712,NULL,NULL,0,690,13),(3713,NULL,NULL,0,691,13),(3714,NULL,NULL,0,692,13),(3715,NULL,NULL,0,693,13),(3716,NULL,NULL,0,694,13),(3717,NULL,NULL,0,695,13),(3718,NULL,NULL,0,696,13),(3719,NULL,NULL,0,697,13),(3720,NULL,NULL,0,698,13),(3721,NULL,NULL,0,699,13),(3722,NULL,NULL,0,700,13),(3723,NULL,NULL,0,701,13),(3724,NULL,NULL,0,702,13),(3725,NULL,NULL,0,703,13),(3726,NULL,NULL,0,704,13),(3727,NULL,NULL,0,705,13),(3728,NULL,NULL,0,706,13),(3729,NULL,NULL,0,707,13),(3730,NULL,NULL,0,708,13),(3731,NULL,NULL,0,709,13),(3732,NULL,NULL,0,710,13),(3733,NULL,NULL,0,711,13),(3734,NULL,NULL,0,712,13),(3735,NULL,NULL,0,713,13),(3736,NULL,NULL,0,714,13),(3737,NULL,NULL,0,715,13),(3738,NULL,NULL,0,716,13),(3739,NULL,NULL,0,717,13),(3740,NULL,NULL,0,718,13),(3741,NULL,NULL,0,719,13),(3742,NULL,NULL,0,720,13),(3743,NULL,NULL,0,721,13),(3744,NULL,NULL,0,722,13),(3745,NULL,NULL,0,723,13),(3746,NULL,NULL,0,724,13),(3747,NULL,NULL,0,725,13),(3748,NULL,NULL,0,726,13),(3749,NULL,NULL,0,727,13),(3750,NULL,NULL,0,728,13),(3751,NULL,NULL,0,729,13),(3752,NULL,NULL,0,730,13),(3753,NULL,NULL,0,731,13),(3754,NULL,NULL,0,732,13),(3755,NULL,NULL,0,733,13),(3756,NULL,NULL,0,734,13),(3757,NULL,NULL,0,735,13),(3758,NULL,NULL,0,736,13),(3759,NULL,NULL,0,737,13),(3760,NULL,NULL,0,738,13),(3761,NULL,NULL,0,739,13),(3762,NULL,NULL,0,740,13),(3763,NULL,NULL,0,741,13),(3764,NULL,NULL,0,742,13),(3765,NULL,NULL,0,743,13),(3766,NULL,NULL,0,744,13),(3767,NULL,NULL,0,745,13),(3768,NULL,NULL,0,746,13),(3769,NULL,NULL,0,747,13),(3770,NULL,NULL,0,748,13),(3771,NULL,NULL,0,749,13),(3772,NULL,NULL,0,750,13),(3773,NULL,NULL,0,751,13),(3774,NULL,NULL,0,752,13),(3775,NULL,NULL,0,753,13),(3776,NULL,NULL,0,754,13),(3777,NULL,NULL,0,755,13),(3778,NULL,NULL,0,756,13),(3779,NULL,NULL,0,757,13),(3780,NULL,NULL,0,758,13),(3781,NULL,NULL,0,759,13),(3782,NULL,NULL,0,760,13),(3783,NULL,NULL,0,761,13),(3784,NULL,NULL,0,762,13),(3785,NULL,NULL,0,763,13),(3786,NULL,NULL,0,764,13),(3787,NULL,NULL,0,765,13),(3788,NULL,NULL,0,766,13),(3789,NULL,NULL,0,767,13),(3790,NULL,NULL,0,768,13),(3791,NULL,NULL,0,769,13),(3792,NULL,NULL,0,770,13),(3793,NULL,NULL,0,771,13),(3794,NULL,NULL,0,772,13),(3795,NULL,NULL,0,773,13),(3796,NULL,NULL,0,774,13),(3797,NULL,NULL,0,775,13),(3798,NULL,NULL,0,776,13),(3799,NULL,NULL,0,777,13),(3800,NULL,NULL,0,778,13),(3801,NULL,NULL,0,779,13),(3802,NULL,NULL,0,780,13),(3803,NULL,NULL,0,781,13),(3804,NULL,NULL,0,782,13),(3805,NULL,NULL,0,783,13),(3806,NULL,NULL,0,784,13),(3807,NULL,NULL,0,785,13),(3808,NULL,NULL,0,786,13),(3809,NULL,NULL,0,787,13),(3810,NULL,NULL,0,788,13),(3811,NULL,NULL,0,789,13),(3812,NULL,NULL,0,790,13),(3813,NULL,NULL,0,791,13),(3814,NULL,NULL,0,792,13),(3815,NULL,NULL,0,793,13),(3816,NULL,NULL,0,794,13),(3817,NULL,NULL,0,795,13),(3818,NULL,NULL,0,796,13),(3819,NULL,NULL,0,797,13),(3820,NULL,NULL,0,798,13),(3821,NULL,NULL,0,799,13),(3822,NULL,NULL,0,800,13),(3823,NULL,NULL,0,801,13),(3824,NULL,NULL,0,802,13),(3825,NULL,NULL,0,803,13),(3826,NULL,NULL,0,804,13),(3827,NULL,NULL,0,805,13),(3828,NULL,NULL,0,806,13),(3829,NULL,NULL,0,807,13),(3830,NULL,NULL,0,808,13),(3831,NULL,NULL,0,809,13),(3832,NULL,NULL,0,810,13),(3833,NULL,NULL,0,811,13),(3834,NULL,NULL,0,812,13),(3835,NULL,NULL,0,813,13),(3836,NULL,NULL,0,814,13),(3837,NULL,NULL,0,815,13),(3838,NULL,NULL,0,816,13),(3839,NULL,NULL,0,817,13),(3840,NULL,NULL,0,818,13),(3841,NULL,NULL,0,819,13),(3842,NULL,NULL,0,820,13),(3843,NULL,NULL,0,821,13),(3844,NULL,NULL,0,822,13),(3845,NULL,NULL,0,823,13),(3846,NULL,NULL,0,824,13),(3847,NULL,NULL,0,825,13),(3848,NULL,NULL,0,826,13),(3849,NULL,NULL,0,827,13),(3850,27,17,0,572,14),(3851,21,10,0,573,14),(3852,20,24,0,574,14),(3853,21,20,0,575,14),(3854,24,17,0,576,14),(3855,24,28,0,577,14),(3856,28,17,0,578,14),(3857,NULL,NULL,0,579,14),(3858,28,24,0,580,14),(3859,21,20,0,581,14),(3860,24,17,0,582,14),(3861,29,24,0,583,14),(3862,20,24,0,584,14),(3863,24,21,0,585,14),(3864,20,21,0,586,14),(3865,24,17,0,587,14),(3866,17,14,0,588,14),(3867,21,17,0,589,14),(3868,27,17,0,590,14),(3869,14,27,0,591,14),(3870,24,20,1,592,14),(3871,24,20,0,593,14),(3872,20,28,0,594,14),(3873,27,17,0,595,14),(3874,28,17,0,596,14),(3875,21,24,0,597,14),(3876,28,14,0,598,14),(3877,24,21,0,599,14),(3878,24,17,0,600,14),(3879,24,16,0,601,14),(3880,28,24,0,602,14),(3881,20,24,0,603,14),(3882,14,24,0,604,14),(3883,20,17,0,605,14),(3884,17,24,0,606,14),(3885,24,27,0,607,14),(3886,17,27,0,608,14),(3887,24,28,0,609,14),(3888,14,21,1,610,14),(3889,20,24,0,611,14),(3890,31,14,0,612,14),(3891,17,27,0,613,14),(3892,24,17,0,614,14),(3893,21,20,0,615,14),(3894,35,10,0,616,14),(3895,24,23,0,617,14),(3896,24,27,0,618,14),(3897,20,24,0,619,14),(3898,28,20,0,620,14),(3899,21,28,1,621,14),(3900,27,20,0,622,14),(3901,17,27,0,623,14),(3902,20,17,0,624,14),(3903,24,21,0,625,14),(3904,20,24,0,626,14),(3905,22,24,0,627,14),(3906,31,20,0,628,14),(3907,14,28,0,629,14),(3908,24,20,0,630,14),(3909,24,27,0,631,14),(3910,21,17,0,632,14),(3911,24,20,0,633,14),(3912,24,14,0,634,14),(3913,27,20,0,635,14),(3914,28,24,1,636,14),(3915,20,17,0,637,14),(3916,14,20,0,638,14),(3917,24,21,0,639,14),(3918,17,21,0,640,14),(3919,19,17,1,641,14),(3920,21,24,0,642,14),(3921,24,20,0,643,14),(3922,24,17,0,644,14),(3923,23,21,0,645,14),(3924,27,17,0,646,14),(3925,27,21,0,647,14),(3926,17,21,0,648,14),(3927,17,20,0,649,14),(3928,25,15,0,650,14),(3929,23,17,0,651,14),(3930,20,14,0,652,14),(3931,27,14,0,653,14),(3932,20,21,0,654,14),(3933,21,24,0,655,14),(3934,17,21,0,656,14),(3935,24,20,0,657,14),(3936,20,24,0,658,14),(3937,21,20,1,659,14),(3938,24,18,0,660,14),(3939,20,21,0,661,14),(3940,24,17,0,662,14),(3941,20,24,0,663,14),(3942,17,21,0,664,14),(3943,24,20,0,665,14),(3944,17,28,0,666,14),(3945,17,24,0,667,14),(3946,20,24,0,668,14),(3947,17,21,0,669,14),(3948,27,23,0,670,14),(3949,20,21,0,671,14),(3950,24,18,0,672,14),(3951,24,17,0,673,14),(3952,17,28,0,674,14),(3953,24,20,1,675,14),(3954,14,20,0,676,14),(3955,30,21,0,677,14),(3956,27,20,0,678,14),(3957,NULL,NULL,0,679,14),(3958,NULL,NULL,0,680,14),(3959,NULL,NULL,0,681,14),(3960,NULL,NULL,0,682,14),(3961,NULL,NULL,0,683,14),(3962,NULL,NULL,0,684,14),(3963,NULL,NULL,0,685,14),(3964,NULL,NULL,0,686,14),(3965,NULL,NULL,0,687,14),(3966,NULL,NULL,0,688,14),(3967,NULL,NULL,0,689,14),(3968,NULL,NULL,0,690,14),(3969,NULL,NULL,0,691,14),(3970,NULL,NULL,0,692,14),(3971,NULL,NULL,0,693,14),(3972,NULL,NULL,0,694,14),(3973,NULL,NULL,0,695,14),(3974,NULL,NULL,0,696,14),(3975,NULL,NULL,0,697,14),(3976,NULL,NULL,0,698,14),(3977,NULL,NULL,0,699,14),(3978,NULL,NULL,0,700,14),(3979,NULL,NULL,0,701,14),(3980,NULL,NULL,0,702,14),(3981,NULL,NULL,0,703,14),(3982,NULL,NULL,0,704,14),(3983,NULL,NULL,0,705,14),(3984,NULL,NULL,0,706,14),(3985,NULL,NULL,0,707,14),(3986,NULL,NULL,0,708,14),(3987,NULL,NULL,0,709,14),(3988,NULL,NULL,0,710,14),(3989,NULL,NULL,0,711,14),(3990,NULL,NULL,0,712,14),(3991,NULL,NULL,0,713,14),(3992,NULL,NULL,0,714,14),(3993,NULL,NULL,0,715,14),(3994,NULL,NULL,0,716,14),(3995,NULL,NULL,0,717,14),(3996,NULL,NULL,0,718,14),(3997,NULL,NULL,0,719,14),(3998,NULL,NULL,0,720,14),(3999,NULL,NULL,0,721,14),(4000,NULL,NULL,0,722,14),(4001,NULL,NULL,0,723,14),(4002,NULL,NULL,0,724,14),(4003,NULL,NULL,0,725,14),(4004,NULL,NULL,0,726,14),(4005,NULL,NULL,0,727,14),(4006,NULL,NULL,0,728,14),(4007,NULL,NULL,0,729,14),(4008,NULL,NULL,0,730,14),(4009,NULL,NULL,0,731,14),(4010,NULL,NULL,0,732,14),(4011,NULL,NULL,0,733,14),(4012,NULL,NULL,0,734,14),(4013,NULL,NULL,0,735,14),(4014,NULL,NULL,0,736,14),(4015,NULL,NULL,0,737,14),(4016,NULL,NULL,0,738,14),(4017,NULL,NULL,0,739,14),(4018,NULL,NULL,0,740,14),(4019,NULL,NULL,0,741,14),(4020,NULL,NULL,0,742,14),(4021,NULL,NULL,0,743,14),(4022,NULL,NULL,0,744,14),(4023,NULL,NULL,0,745,14),(4024,NULL,NULL,0,746,14),(4025,NULL,NULL,0,747,14),(4026,NULL,NULL,0,748,14),(4027,NULL,NULL,0,749,14),(4028,NULL,NULL,0,750,14),(4029,NULL,NULL,0,751,14),(4030,NULL,NULL,0,752,14),(4031,NULL,NULL,0,753,14),(4032,NULL,NULL,0,754,14),(4033,NULL,NULL,0,755,14),(4034,NULL,NULL,0,756,14),(4035,NULL,NULL,0,757,14),(4036,NULL,NULL,0,758,14),(4037,NULL,NULL,0,759,14),(4038,NULL,NULL,0,760,14),(4039,NULL,NULL,0,761,14),(4040,NULL,NULL,0,762,14),(4041,NULL,NULL,0,763,14),(4042,NULL,NULL,0,764,14),(4043,NULL,NULL,0,765,14),(4044,NULL,NULL,0,766,14),(4045,NULL,NULL,0,767,14),(4046,NULL,NULL,0,768,14),(4047,NULL,NULL,0,769,14),(4048,NULL,NULL,0,770,14),(4049,NULL,NULL,0,771,14),(4050,NULL,NULL,0,772,14),(4051,NULL,NULL,0,773,14),(4052,NULL,NULL,0,774,14),(4053,NULL,NULL,0,775,14),(4054,NULL,NULL,0,776,14),(4055,NULL,NULL,0,777,14),(4056,NULL,NULL,0,778,14),(4057,NULL,NULL,0,779,14),(4058,NULL,NULL,0,780,14),(4059,NULL,NULL,0,781,14),(4060,NULL,NULL,0,782,14),(4061,NULL,NULL,0,783,14),(4062,NULL,NULL,0,784,14),(4063,NULL,NULL,0,785,14),(4064,NULL,NULL,0,786,14),(4065,NULL,NULL,0,787,14),(4066,NULL,NULL,0,788,14),(4067,NULL,NULL,0,789,14),(4068,NULL,NULL,0,790,14),(4069,NULL,NULL,0,791,14),(4070,NULL,NULL,0,792,14),(4071,NULL,NULL,0,793,14),(4072,NULL,NULL,0,794,14),(4073,NULL,NULL,0,795,14),(4074,NULL,NULL,0,796,14),(4075,NULL,NULL,0,797,14),(4076,NULL,NULL,0,798,14),(4077,NULL,NULL,0,799,14),(4078,NULL,NULL,0,800,14),(4079,NULL,NULL,0,801,14),(4080,NULL,NULL,0,802,14),(4081,NULL,NULL,0,803,14),(4082,NULL,NULL,0,804,14),(4083,NULL,NULL,0,805,14),(4084,NULL,NULL,0,806,14),(4085,NULL,NULL,0,807,14),(4086,NULL,NULL,0,808,14),(4087,NULL,NULL,0,809,14),(4088,NULL,NULL,0,810,14),(4089,NULL,NULL,0,811,14),(4090,NULL,NULL,0,812,14),(4091,NULL,NULL,0,813,14),(4092,NULL,NULL,0,814,14),(4093,NULL,NULL,0,815,14),(4094,NULL,NULL,0,816,14),(4095,NULL,NULL,0,817,14),(4096,NULL,NULL,0,818,14),(4097,NULL,NULL,0,819,14),(4098,NULL,NULL,0,820,14),(4099,NULL,NULL,0,821,14),(4100,NULL,NULL,0,822,14),(4101,NULL,NULL,0,823,14),(4102,NULL,NULL,0,824,14),(4103,NULL,NULL,0,825,14),(4104,NULL,NULL,0,826,14),(4105,NULL,NULL,0,827,14);
/*!40000 ALTER TABLE `picks_pick` ENABLE KEYS */;
UNLOCK TABLES;

--
-- Table structure for table `playoff_teams_playoffpick`
--

DROP TABLE IF EXISTS `playoff_teams_playoffpick`;
/*!40101 SET @saved_cs_client     = @@character_set_client */;
/*!40101 SET character_set_client = utf8 */;
CREATE TABLE `playoff_teams_playoffpick` (
  `id` int(11) NOT NULL AUTO_INCREMENT,
  `afc_east_id` int(11) DEFAULT NULL,
  `afc_north_id` int(11) DEFAULT NULL,
  `afc_south_id` int(11) DEFAULT NULL,
  `afc_west_id` int(11) DEFAULT NULL,
  `afc_wild1_id` int(11) DEFAULT NULL,
  `afc_wild2_id` int(11) DEFAULT NULL,
  `nfc_east_id` int(11) DEFAULT NULL,
  `nfc_north_id` int(11) DEFAULT NULL,
  `nfc_south_id` int(11) DEFAULT NULL,
  `nfc_west_id` int(11) DEFAULT NULL,
  `nfc_wild1_id` int(11) DEFAULT NULL,
  `nfc_wild2_id` int(11) DEFAULT NULL,
  `sb_runner_up_id` int(11) DEFAULT NULL,
  `sb_winner_id` int(11) DEFAULT NULL,
  `user_id` int(11) NOT NULL,
  PRIMARY KEY (`id`),
  KEY `playoff_teams_playof_afc_east_id_edf18795_fk_fixtures_` (`afc_east_id`),
  KEY `playoff_teams_playof_afc_north_id_913bfa4f_fk_fixtures_` (`afc_north_id`),
  KEY `playoff_teams_playof_afc_south_id_2fc3155e_fk_fixtures_` (`afc_south_id`),
  KEY `playoff_teams_playof_afc_west_id_51750575_fk_fixtures_` (`afc_west_id`),
  KEY `playoff_teams_playof_afc_wild1_id_9b39aafe_fk_fixtures_` (`afc_wild1_id`),
  KEY `playoff_teams_playof_afc_wild2_id_9ca57b39_fk_fixtures_` (`afc_wild2_id`),
  KEY `playoff_teams_playof_nfc_east_id_a0bc8f72_fk_fixtures_` (`nfc_east_id`),
  KEY `playoff_teams_playof_nfc_north_id_e690017c_fk_fixtures_` (`nfc_north_id`),
  KEY `playoff_teams_playof_nfc_south_id_2d009b9a_fk_fixtures_` (`nfc_south_id`),
  KEY `playoff_teams_playof_nfc_west_id_da03ce37_fk_fixtures_` (`nfc_west_id`),
  KEY `playoff_teams_playof_nfc_wild1_id_5ee041c8_fk_fixtures_` (`nfc_wild1_id`),
  KEY `playoff_teams_playof_nfc_wild2_id_13a030e3_fk_fixtures_` (`nfc_wild2_id`),
  KEY `playoff_teams_playof_sb_runner_up_id_1ea736ea_fk_fixtures_` (`sb_runner_up_id`),
  KEY `playoff_teams_playof_sb_winner_id_5c8931a2_fk_fixtures_` (`sb_winner_id`),
  KEY `playoff_teams_playoffpick_user_id_f8155385_fk_auth_user_id` (`user_id`),
  CONSTRAINT `playoff_teams_playof_afc_east_id_edf18795_fk_fixtures_` FOREIGN KEY (`afc_east_id`) REFERENCES `fixtures_team` (`id`),
  CONSTRAINT `playoff_teams_playof_afc_north_id_913bfa4f_fk_fixtures_` FOREIGN KEY (`afc_north_id`) REFERENCES `fixtures_team` (`id`),
  CONSTRAINT `playoff_teams_playof_afc_south_id_2fc3155e_fk_fixtures_` FOREIGN KEY (`afc_south_id`) REFERENCES `fixtures_team` (`id`),
  CONSTRAINT `playoff_teams_playof_afc_west_id_51750575_fk_fixtures_` FOREIGN KEY (`afc_west_id`) REFERENCES `fixtures_team` (`id`),
  CONSTRAINT `playoff_teams_playof_afc_wild1_id_9b39aafe_fk_fixtures_` FOREIGN KEY (`afc_wild1_id`) REFERENCES `fixtures_team` (`id`),
  CONSTRAINT `playoff_teams_playof_afc_wild2_id_9ca57b39_fk_fixtures_` FOREIGN KEY (`afc_wild2_id`) REFERENCES `fixtures_team` (`id`),
  CONSTRAINT `playoff_teams_playof_nfc_east_id_a0bc8f72_fk_fixtures_` FOREIGN KEY (`nfc_east_id`) REFERENCES `fixtures_team` (`id`),
  CONSTRAINT `playoff_teams_playof_nfc_north_id_e690017c_fk_fixtures_` FOREIGN KEY (`nfc_north_id`) REFERENCES `fixtures_team` (`id`),
  CONSTRAINT `playoff_teams_playof_nfc_south_id_2d009b9a_fk_fixtures_` FOREIGN KEY (`nfc_south_id`) REFERENCES `fixtures_team` (`id`),
  CONSTRAINT `playoff_teams_playof_nfc_west_id_da03ce37_fk_fixtures_` FOREIGN KEY (`nfc_west_id`) REFERENCES `fixtures_team` (`id`),
  CONSTRAINT `playoff_teams_playof_nfc_wild1_id_5ee041c8_fk_fixtures_` FOREIGN KEY (`nfc_wild1_id`) REFERENCES `fixtures_team` (`id`),
  CONSTRAINT `playoff_teams_playof_nfc_wild2_id_13a030e3_fk_fixtures_` FOREIGN KEY (`nfc_wild2_id`) REFERENCES `fixtures_team` (`id`),
  CONSTRAINT `playoff_teams_playof_sb_runner_up_id_1ea736ea_fk_fixtures_` FOREIGN KEY (`sb_runner_up_id`) REFERENCES `fixtures_team` (`id`),
  CONSTRAINT `playoff_teams_playof_sb_winner_id_5c8931a2_fk_fixtures_` FOREIGN KEY (`sb_winner_id`) REFERENCES `fixtures_team` (`id`),
  CONSTRAINT `playoff_teams_playoffpick_user_id_f8155385_fk_auth_user_id` FOREIGN KEY (`user_id`) REFERENCES `auth_user` (`id`)
) ENGINE=InnoDB AUTO_INCREMENT=5 DEFAULT CHARSET=utf8;
/*!40101 SET character_set_client = @saved_cs_client */;

--
-- Dumping data for table `playoff_teams_playoffpick`
--

LOCK TABLES `playoff_teams_playoffpick` WRITE;
/*!40000 ALTER TABLE `playoff_teams_playoffpick` DISABLE KEYS */;
INSERT INTO `playoff_teams_playoffpick` VALUES (1,56,62,51,52,60,63,45,48,38,64,53,41,45,56,11),(2,56,62,67,46,60,39,45,48,38,37,41,64,56,45,14),(3,56,62,67,46,60,39,45,48,66,64,55,41,48,62,13),(4,56,62,67,52,60,46,45,48,41,64,38,55,41,62,12);
/*!40000 ALTER TABLE `playoff_teams_playoffpick` ENABLE KEYS */;
UNLOCK TABLES;

--
-- Table structure for table `results_usertotalresult`
--

DROP TABLE IF EXISTS `results_usertotalresult`;
/*!40101 SET @saved_cs_client     = @@character_set_client */;
/*!40101 SET character_set_client = utf8 */;
CREATE TABLE `results_usertotalresult` (
  `id` int(11) NOT NULL AUTO_INCREMENT,
  `user_id` int(11) NOT NULL,
  PRIMARY KEY (`id`),
  KEY `results_usertotalresult_user_id_673a084b_fk_auth_user_id` (`user_id`),
  CONSTRAINT `results_usertotalresult_user_id_673a084b_fk_auth_user_id` FOREIGN KEY (`user_id`) REFERENCES `auth_user` (`id`)
) ENGINE=InnoDB AUTO_INCREMENT=5 DEFAULT CHARSET=utf8;
/*!40101 SET character_set_client = @saved_cs_client */;

--
-- Dumping data for table `results_usertotalresult`
--

LOCK TABLES `results_usertotalresult` WRITE;
/*!40000 ALTER TABLE `results_usertotalresult` DISABLE KEYS */;
INSERT INTO `results_usertotalresult` VALUES (1,11),(2,12),(3,13),(4,14);
/*!40000 ALTER TABLE `results_usertotalresult` ENABLE KEYS */;
UNLOCK TABLES;

--
-- Table structure for table `results_userweekresult`
--

DROP TABLE IF EXISTS `results_userweekresult`;
/*!40101 SET @saved_cs_client     = @@character_set_client */;
/*!40101 SET character_set_client = utf8 */;
CREATE TABLE `results_userweekresult` (
  `id` int(11) NOT NULL AUTO_INCREMENT,
  `week` int(10) unsigned DEFAULT NULL,
  `user_id` int(11) NOT NULL,
  PRIMARY KEY (`id`),
  KEY `results_userweekresult_user_id_1c61190a_fk_auth_user_id` (`user_id`),
  CONSTRAINT `results_userweekresult_user_id_1c61190a_fk_auth_user_id` FOREIGN KEY (`user_id`) REFERENCES `auth_user` (`id`)
) ENGINE=InnoDB AUTO_INCREMENT=69 DEFAULT CHARSET=utf8;
/*!40101 SET character_set_client = @saved_cs_client */;

--
-- Dumping data for table `results_userweekresult`
--

LOCK TABLES `results_userweekresult` WRITE;
/*!40000 ALTER TABLE `results_userweekresult` DISABLE KEYS */;
INSERT INTO `results_userweekresult` VALUES (1,1,11),(2,2,11),(3,3,11),(4,4,11),(5,5,11),(6,6,11),(7,7,11),(8,8,11),(9,9,11),(10,10,11),(11,11,11),(12,12,11),(13,13,11),(14,14,11),(15,15,11),(16,16,11),(17,17,11),(18,1,12),(19,2,12),(20,3,12),(21,4,12),(22,5,12),(23,6,12),(24,7,12),(25,8,12),(26,9,12),(27,10,12),(28,11,12),(29,12,12),(30,13,12),(31,14,12),(32,15,12),(33,16,12),(34,17,12),(35,1,13),(36,2,13),(37,3,13),(38,4,13),(39,5,13),(40,6,13),(41,7,13),(42,8,13),(43,9,13),(44,10,13),(45,11,13),(46,12,13),(47,13,13),(48,14,13),(49,15,13),(50,16,13),(51,17,13),(52,1,14),(53,2,14),(54,3,14),(55,4,14),(56,5,14),(57,6,14),(58,7,14),(59,8,14),(60,9,14),(61,10,14),(62,11,14),(63,12,14),(64,13,14),(65,14,14),(66,15,14),(67,16,14),(68,17,14);
/*!40000 ALTER TABLE `results_userweekresult` ENABLE KEYS */;
UNLOCK TABLES;
/*!40103 SET TIME_ZONE=@OLD_TIME_ZONE */;

/*!40101 SET SQL_MODE=@OLD_SQL_MODE */;
/*!40014 SET FOREIGN_KEY_CHECKS=@OLD_FOREIGN_KEY_CHECKS */;
/*!40014 SET UNIQUE_CHECKS=@OLD_UNIQUE_CHECKS */;
/*!40101 SET CHARACTER_SET_CLIENT=@OLD_CHARACTER_SET_CLIENT */;
/*!40101 SET CHARACTER_SET_RESULTS=@OLD_CHARACTER_SET_RESULTS */;
/*!40101 SET COLLATION_CONNECTION=@OLD_COLLATION_CONNECTION */;
/*!40111 SET SQL_NOTES=@OLD_SQL_NOTES */;

-- Dump completed on 2017-10-24 14:04:11
